,local,EBAIRRNOMEOF,RPA,latitude,longitude,sigla_partido,votos,pct_local
11,ACADEMIA CRISTÃ DE BOA VIAGEM,BOA VIAGEM,RPA6,-8.12225189,-34.90391936,PSB,2250,39.0
32,ACBV -  NINHO EDUCAÇÃO INFANTIL,BOA VIAGEM,RPA6,0.0,0.0,PSB,586,35.0
53,APAE - ASSOCIAÇÃO DE PAIS E AMIGOS DOS EXCEPCIONAIS,CASA AMARELA,RPA3,-8.02776,-34.92460167,PSB,906,44.0
73,ASSOC. DOS AUDITORES DO TESOURO ESTADUAL,NOVA DESCOBERTA,RPA3,-8.0035653,-34.9178564,PSB,3310,62.0
92,ASSOC. EVANG. LUTERANA DE EDUC. ESPECIAL,CASA AMARELA,RPA3,-8.0260939,-34.911044,PSB,552,56.0
110,ASSOCIAÇÃO CENTRO EDUCACIONAL MAGNO DELAMADRI - ANTIGO CEMA,ALTO JOSE BONIFACIO,RPA3,-8.01222854,-34.90917639,PSB,876,68.0
130,ASSOCIAÇÃO DOS FORNECEDORES DE CANA DE PE,IMBIRIBEIRA,RPA6,-8.1023919,-34.9107612,PSB,3059,47.0
151,ASSOCIAÇÃO DOS SERVIDORES CLUBE DA SUDENE,ENGENHO DO MEIO,RPA4,-8.0540027,-34.9414623,PSB,3114,50.0
172,ATI - AGÊNCIA ESTADUAL DE TECNOLOGIA DA INFORMAÇÃO,SAO JOSE,RPA1,-8.0667271,-34.8836786,PSB,2417,55.0
194,CAIC/TORRE-ESCOLA CREUZA BARRETO DORNELAS CÂMARA,TORRE,RPA4,-8.04485338,-34.91694771,PSB,3269,64.0
215,CASA DA AMIZADE,TORREAO,RPA2,-8.0397377,-34.8833764,PSB,678,56.0
235,CBV - JAQUEIRA,ROSARINHO,RPA2,-8.03472566,-34.90176161,PSB,1961,38.0
256,CECOSNE,MADALENA,RPA4,-8.05316474,-34.90553639,PSB,3740,43.0
276,CEJA - POETA JOAQUIM CARDOSO,TEJIPIO,RPA5,-8.09194139,-34.94986917,PSB,1752,52.0
296,CEMEI - CENTRO MUNICIPAL DE EDUCACAO INFANTIL MÃEZINHA DO COQUE,ILHA JOANA BEZERRA,RPA1,-8.0718635,-34.8998132,PSB,2272,65.0
315,CENTRO COMUNITÁRIO SEBASTIÃO DANTAS,AREIAS,RPA5,-8.0948358,-34.9369041,PSB,1085,53.0
334,CENTRO DE ATIVIDADES DOMÉSTICAS - CAD,VARZEA,RPA4,-8.05072622,-34.95859656,PSB,1862,50.0
356,CENTRO DE CIÊNCIAS SOCIAIS APLICADAS - CCSA - UFPE,CIDADE UNIVERSITARIA,RPA4,-8.04848665,-34.95092189,PSB,3687,45.0
378,CENTRO DE EDUCAÇÃO DA UFPE,CIDADE UNIVERSITARIA,RPA4,-8.04876065,-34.95326951,PSB,2231,45.0
399,CENTRO DE EDUCAÇÃO INFANTIL BERNARD VAN LEER,BRASILIA TEIMOSA,RPA6,-8.0852583,-34.8829894,PSB,1815,52.0
417,"CENTRO DE EDUCAÇÃO, TECNOLOGIA E CIDADANIA - CETEC- ANT CENTRO NOBREGA",BOA VISTA,RPA1,-8.05737,-34.8872347,PSB,1047,40.0
438,CENTRO DE ENSINO DE CIÊNCIAS AGRÁRIAS - CEAGRI - UFRPE,DOIS IRMAOS,RPA3,-8.017815,-34.944095,PSB,1888,52.0
458,CENTRO DE ENSINO DE GRADUAÇÃO - CEGOE - UFRPE,DOIS IRMAOS,RPA3,-8.01834333,-34.95077833,PSB,3657,51.0
480,CENTRO DE FORMAÇÃO DE EDUCADORES PROFESSOR PAULO FREIRE,MADALENA,RPA4,-8.05408148,-34.90943556,PSB,2570,42.0
501,CENTRO DE REABILITAÇÃO E EDUCAÇÃO ESPECIAL,CASA AMARELA,RPA3,-8.02842167,-34.91835333,PSB,975,46.0
523,CENTRO ESCOLAR CAROCHINHA,CASA FORTE,RPA3,-8.03952833,-34.9199,PSB,2139,40.0
545,CENTRO INTERESCOLAR SANTOS DUMONT,BOA VIAGEM,RPA6,-8.1320579,-34.90687243,PSB,3885,35.0
566,CENTRO MUNICIPAL DA EDUCAÇÃO INFANTIL DO BONGI,BONGI,RPA5,-8.0666117,-34.9153278,PSB,896,53.0
587,CENTRO SOCIAL DOM JOÃO COSTA,ALTO JOSE DO PINHO,RPA3,-8.0218277,-34.90896335,PSB,1965,59.0
605,CENTRO SOCIAL URBANO BIDO KRAUSE,TEJIPIO,RPA5,-8.0796637,-34.97035266,PSB,3623,51.0
626,CENÁCULO ESPÍRITA CASA DE MARIA,CAMPO GRANDE,RPA2,-8.0272749,-34.8859324,PSB,1123,59.0
646,CERVAC (CENTRO DE REABILITAÇÃO E VALORIZAÇÃO DA CRIANÇA),MORRO DA CONCEICAO,RPA3,-8.0203395,-34.9130157,PSB,1034,58.0
666,CFI - COLÉGIO DE FORMAÇÃO INTEGRAL,MADALENA,RPA4,-8.0547694,-34.9129511,PSB,2317,48.0
687,CLUBE ASSISTENCIAL ESPORTIVO BELA VISTA,AGUA FRIA,RPA2,-8.0076938,-34.8958993,PSB,3461,63.0
705,CLUBE BATUTAS DE SÃO JOSÉ,AFOGADOS,RPA5,0.0,0.0,PSB,2052,48.0
726,CLUBE DOS RODOVIÁRIOS - AO LADO DO VIADUTO TANCREDO NEVES,IMBIRIBEIRA,RPA6,-8.1219423,-34.9141219,PSB,1606,49.0
746,CLUBE ESPORTIVO SOBRE RODAS,ARRUDA,RPA2,-8.03218316,-34.89313837,PSB,917,53.0
767,CLUBE SARGENTO WOLF,AFOGADOS,RPA5,-8.0715443,-34.9115018,PSB,3939,54.0
788,CMEI (MÉRCIA MARIA BEZERRA COSTA),NOVA DESCOBERTA,RPA3,-8.005149,-34.9154638,PSB,2707,61.0
808,CMEI - DONA CARMELITA MUNIZ DE ARAÚJO,GUABIRABA,RPA3,-7.964845,-34.92313167,PSB,1583,55.0
827,CMEI DARCY RIBEIRO,CORDEIRO,RPA4,-8.0461834,-34.92055,PSB,1639,54.0
847,COLEGIO ANGLO LÍDER,TAMARINEIRA,RPA3,-8.02910054,-34.89783416,PSB,2239,50.0
868,COLEGIO BOA VIAGEM,BOA VIAGEM,RPA6,-8.1107234,-34.8945368,PSB,5152,34.0
889,COLEGIO DA POLICIA MILITAR,DERBY,RPA3,-8.05915552,-34.8992939,PSB,1126,37.0
911,COLEGIO DAS DAMAS DA INSTRUCAO CRISTA,GRACAS,RPA3,-8.04212679,-34.90263745,PSB,3334,35.0
931,COLEGIO IMACULADO CORACAO DE MARIA,CAMPO GRANDE,RPA2,-8.0295959,-34.8828439,PSB,1081,55.0
951,COLEGIO MADRE DE DEUS CAMPUS IV,CASA AMARELA,RPA3,-8.0277057,-34.9132099,PSB,2804,47.0
973,COLEGIO MARISTA SAO LUÍS,GRACAS,RPA3,-8.04303982,-34.90234879,PSB,4705,36.0
994,COLEGIO MOVIMENTO- ANTIGO HORIZONTE,AGUA FRIA,RPA2,-8.0183649,-34.8915892,PSB,2167,55.0
1013,COLEGIO PADRE JOSE DE ANCHIETA,MUSTARDINHA,RPA5,-8.0732049,-34.9178671,PSB,3546,61.0
1033,COLEGIO SANTA CATARINA,CASA AMARELA,RPA3,-8.0304454,-34.9075277,PSB,3848,47.0
1055,COLEGIO SANTA MARIA,BOA VIAGEM,RPA6,-8.1126771,-34.8971096,PSB,5840,32.0
1077,COLEGIO VERA CRUZ,GRACAS,RPA3,-8.05098616,-34.89717231,PSB,2451,34.0
1099,COLEGIO VISAO,ESTANCIA,RPA5,-8.0850436,-34.9278578,PSB,6475,57.0
1120,COLÉGIO 2001 - CENTRO EDUCACIONAL JARDIM SÃO PAULO,JARDIM SAO PAULO,RPA5,-8.0796714,-34.936032,PSB,1845,53.0
1142,COLÉGIO 2001-CENTRO EDUC.JD.SÃO PAULO - ANEXO II (ANT. STA BÁRBARA),JARDIM SAO PAULO,RPA5,-8.0840715,-34.9389624,PSB,3971,52.0
1164,COLÉGIO ADVENTISTA DO ARRUDA,ARRUDA,RPA2,-8.02164656,-34.89195485,PSB,6506,53.0
1185,COLÉGIO ANGLO LÍDER,CORDEIRO,RPA4,-8.0532064,-34.9279681,PSB,3877,51.0
1206,COLÉGIO APOIO,CASA AMARELA,RPA3,-8.0303588,-34.9143646,PSB,2653,46.0
1227,COLÉGIO ASM (ANTIGO SAGRADA FAMÍLIA),CASA FORTE,RPA3,-8.032995,-34.9188788,PSB,1674,40.0
1249,COLÉGIO AVANCE,IPSEP,RPA6,-8.1129804,-34.9176604,PSB,1945,46.0
1269,COLÉGIO CRISTÃO DO RECIFE,BOA VIAGEM,RPA6,-8.1337647,-34.91206567,PSB,264,37.0
1288,COLÉGIO DO SABER,CAMPO GRANDE,RPA2,-8.0287002,-34.8843447,PSB,1469,56.0
1308,COLÉGIO DOURADO,BOA VIAGEM,RPA6,-8.14349008,-34.91507354,PSB,2288,37.0
1329,COLÉGIO E CURSO - DESAFIO,CIDADE UNIVERSITARIA,RPA4,-8.03853,-34.94386667,PSB,1604,45.0
1350,COLÉGIO E CURSO GGE (BENFICA),MADALENA,RPA4,-8.05917918,-34.90186883,PSB,1796,44.0
1371,COLÉGIO E CURSO INOVAÇÃO - CCI,IPSEP,RPA6,-8.1118883,-34.9256563,PSB,1883,47.0
1390,COLÉGIO ELO,BOA VIAGEM,RPA6,-8.13519839,-34.90458789,PSB,590,35.0
1411,COLÉGIO ELO (ANTIGO INSTITUTO HELENA LUBIENSKA),ZUMBI,RPA4,-8.0495124,-34.91730727,PSB,5699,58.0
1432,COLÉGIO EQUIPE,MADALENA,RPA4,-8.04987881,-34.90551491,PSB,2346,41.0
1452,COLÉGIO EQUIPE (ANEXO I),MADALENA,RPA4,-8.0497014,-34.9054182,PSB,568,43.0
1470,COLÉGIO EQUIPE (ANEXO II),MADALENA,RPA4,-8.0498842,-34.9052151,PSB,500,39.0
1489,COLÉGIO ETHOS,POCO,RPA3,-8.0388292,-34.9202832,PSB,1076,41.0
1509,COLÉGIO GGE (ANTIGO ATUAL I / FAPE),IMBIRIBEIRA,RPA6,-8.1156868,-34.9048323,PSB,3879,40.0
1530,COLÉGIO GGE - PARNAMIRIM,PARNAMIRIM,RPA3,-8.03249667,-34.91178333,PSB,1381,37.0
1550,COLÉGIO GRANDE PASSO,BOA VIAGEM,RPA6,-8.14147996,-34.91296649,PSB,1165,34.0
1572,COLÉGIO IMACULADA CONCEIÇÃO,BARRO,RPA5,-8.09285426,-34.94217156,PSB,4390,58.0
1592,COLÉGIO INCENTIVO,AREIAS,RPA5,-8.0921983,-34.9365547,PSB,2148,52.0
1611,COLÉGIO JESUS CRUCIFICADO,CAMPO GRANDE,RPA2,-8.032209,-34.8815917,PSB,3973,52.0
1632,COLÉGIO JOAQUIM TÁVORA,MADALENA,RPA4,-8.0553556,-34.90892749,PSB,4442,55.0
1653,COLÉGIO MARIA TEREZA,BOA VIAGEM,RPA6,-8.13261271,-34.91488849,PSB,2802,39.0
1674,COLÉGIO MODELO (ANTIGO QUADRA DO SANTA CRUZ FUTEBOL CLUBE),ARRUDA,RPA2,-8.02761169,-34.89039858,PSB,1665,52.0
1696,COLÉGIO MOTIVO,IMBIRIBEIRA,RPA6,-8.1166467,-34.9058835,PSB,3919,36.0
1718,COLÉGIO MOTIVO (ANTIGO MATER CHRISTI),CASA FORTE,RPA3,-8.03261333,-34.92307667,PSB,2333,39.0
1739,COLÉGIO MULTIPLO ENSINO,TEJIPIO,RPA5,-8.08988501,-34.96537258,PSB,1858,49.0
1759,COLÉGIO MURAKAMI (ANTIGO NAP),CASA FORTE,RPA3,-8.0323696,-34.9195133,PSB,1887,40.0
1779,COLÉGIO MÁRCIA CRISTINA,PINA,RPA6,-8.0894454,-34.8858766,PSB,859,50.0
1800,COLÉGIO PRESBITERIANO MACKENZIE AGNES,GRACAS,RPA3,-8.04708848,-34.90082632,PSB,2969,35.0
1822,COLÉGIO REINO MÁGICO,CASA AMARELA,RPA3,-8.0290127,-34.9087953,PSB,1119,42.0
1843,COLÉGIO SALESIANO SAGRADO CORAÇÃO,BOA VISTA,RPA1,-8.0604739,-34.8933647,PSB,5317,49.0
1865,COLÉGIO SOUZA LEÃO,CORDEIRO,RPA4,-8.05418814,-34.92034205,PSB,3958,61.0
1887,COLÉGIO TERCEIRO MILÊNIO,ESPINHEIRO,RPA3,-8.0425521,-34.8884879,PSB,1847,39.0
1908,COLÉGIO TRIUNFO,ARRUDA,RPA2,-8.0252439,-34.8884964,PSB,1391,53.0
1926,COMPAZ - GOVERNADOR EDUARDO CAMPOS,LINHA DO TIRO,RPA2,-8.0106084,-34.9029196,PSB,448,63.0
1943,CRECHE ESCOLA DO IBURA (ANTIGO CENTRO  MUN. EDUC. INFANTIL DO IBURA),IBURA,RPA6,-8.13393986,-34.9496055,PSB,934,55.0
1964,CRECHE ESCOLA GOVERNADOR EDUARDO CAMPOS,COHAB,RPA6,-8.13203105,-34.94851271,PSB,2132,56.0
1983,CRECHE ESCOLA MAURICÉIA DA SILVA DIAS ( CRECHE PANTANAL ),COHAB,RPA6,-8.10706398,-34.95690014,PSB,2030,66.0
2001,CRECHE ESCOLA RECIFE GOVERNADOR MIGUEL ARRAES,ESTANCIA,RPA5,-8.095895,-34.9240024,PSB,2623,63.0
2022,CRECHE ESCOLA RECIFE MIGUEL ARRAES(ATRÁS DA ESC PINTOR LAURO VILLARES),TORROES,RPA4,0.0,0.0,PSB,2066,54.0
2042,CRECHE MUNICIPAL CASINHA AZUL,IPUTINGA,RPA4,-8.0300517,-34.9341829,PSB,1127,59.0
2064,CRECHE MUNICIPAL CEAPE,ENGENHO DO MEIO,RPA4,0.0,0.0,PSB,1069,49.0
2084,CRECHE MUNICIPAL DA MANGUEIRA,MUSTARDINHA,RPA5,-8.0747505,-34.9212926,PSB,923,54.0
2105,CRECHE MUNICIPAL FLOR DO BAIRRO DA GUABIRABA,BREJO DA GUABIRABA,RPA3,-7.99314895,-34.93613745,PSB,2003,71.0
2123,CRECHE MUNICIPAL MENINO JESUS DA BOMBA GRANDE,CORDEIRO,RPA4,-8.0419163,-34.9281461,PSB,814,62.0
2140,CRECHE MUNICIPAL SENADOR PAULO GUERRA,IMBIRIBEIRA,RPA6,-8.0884729,-34.9048766,PSB,483,48.0
2158,CRECHE MUNICIPAL SONHO DO POVO,IBURA,RPA6,-8.1190292,-34.94557325,PSB,1101,56.0
2176,CRECHE MUNICIPAL SÍTIO DO CARDOSO,TORRE,RPA4,-8.0493045,-34.9123229,PSB,1711,55.0
2197,CRECHE MUNICIPAL WALDIR SAVLUCHINSKE,ENGENHO DO MEIO,RPA4,0.0,0.0,PSB,1535,52.0
2216,CRECHE RECIFE 2000,JAQUEIRA,RPA5,-8.0975434,-34.9372927,PSB,692,52.0
2233,CRECHE SONHO DE CRIANCA,IBURA,RPA6,-8.11253105,-34.93508753,PSB,846,52.0
2252,DEPARTAMENTO DE HOTELARIA E TURISMO - UFPE,CIDADE UNIVERSITARIA,RPA4,-8.04956915,-34.95389165,PSB,2437,47.0
2273,DEPARTAMENTO NACIONAL DE INFRAESTRUTURA E TRANSPORTE,PINA,RPA6,-8.0847523,-34.8869718,PSB,1106,49.0
2293,DNOCS,TAMARINEIRA,RPA3,-8.02733833,-34.89758833,PSB,3401,49.0
2313,EDUCANDARIO NOSSA SENHORA DE LOURDES,AFLITOS,RPA3,-8.03668765,-34.90157651,PSB,1830,37.0
2334,EDUCANDÁRIO MAGALHÃES BASTOS,VARZEA,RPA4,-8.04696849,-34.95728518,PSB,2925,55.0
2355,EDUCANDÁRIO SANTA TERESINHA,MUSTARDINHA,RPA5,-8.0743504,-34.91707803,PSB,1822,57.0
2377,EREM DE BEBERIBE,BEBERIBE,RPA2,-8.0043784,-34.8994462,PSB,5529,59.0
2397,EREM OLIVEIRA LIMA,BOA VISTA,RPA1,-8.0604935,-34.8908027,PSB,1388,46.0
2417,EREM PADRE NERCIO RODRIGUES,LINHA DO TIRO,RPA2,-8.0079007,-34.9076702,PSB,3074,65.0
2435,EREM POETA MANUEL BANDEIRA,ILHA DO LEITE,RPA1,-8.0657305,-34.8937969,PSB,2353,61.0
2455,EREM POMPÉIA CAMPOS,MACAXEIRA,RPA3,-8.0149927,-34.9314343,PSB,1846,60.0
2474,EREM PROF. MARDÔNIO DE ANDRADE DE LIMA COELHO,BOMBA DO HEMETERIO,RPA2,-8.0207659,-34.9038273,PSB,6194,59.0
2495,EREM PROFESSOR CÂNDIDO DUARTE (PRÓX ABO ASS. BRA. ODONTOLOGIA),APIPUCOS,RPA3,-8.020885,-34.93889,PSB,2114,49.0
2515,EREM SIZENANDO SILVEIRA,SANTO AMARO,RPA1,-8.0544782,-34.8817894,PSB,1071,43.0
2533,ERFEM - MONTE VERDE,IBURA,RPA6,-8.1162378,-34.96035165,PSB,98,59.0
2548,ESC. MUN. ASA BRANCA,IBURA,RPA6,-8.12417608,-34.94930227,PSB,647,64.0
2563,ESC.MUN.PROF.ORLANDO PARAHYM,IBURA,RPA6,-8.12765049,-34.94727296,PSB,529,58.0
2580,ESCOLA  MUNICIPAL PROFESSOR JOSUÉ DE CASTRO,ILHA DO LEITE,RPA1,-8.0694052,-34.899035,PSB,1651,64.0
2598,ESCOLA ALBERTO TORRES,TEJIPIO,RPA5,-8.09147707,-34.94980369,PSB,3207,52.0
2619,ESCOLA AMAURY DE MEDEIROS,AFOGADOS,RPA5,-8.0806141,-34.9080499,PSB,4744,50.0
2641,ESCOLA AMERICANA DO RECIFE,BOA VIAGEM,RPA6,-8.13602576,-34.90603219,PSB,3587,33.0
2663,ESCOLA ANIBAL FALCÃO,TEJIPIO,RPA5,-8.08751788,-34.95726898,PSB,3084,52.0
2684,ESCOLA ANITA GARIBALDI (UNIDADE I),IMBIRIBEIRA,RPA6,-8.0955399,-34.9122979,PSB,966,40.0
2704,ESCOLA ANITA GARIBALDI (UNIDADE II),IMBIRIBEIRA,RPA6,-8.0939618,-34.9117679,PSB,1553,41.0
2725,ESCOLA ANTONIO FARIAS FILHO,SAN MARTIN,RPA5,-8.0723236,-34.925852,PSB,5678,55.0
2745,ESCOLA ANÍBAL FERNANDES,SANTO AMARO,RPA1,-8.0476244,-34.8813587,PSB,4559,57.0
2766,ESCOLA APOLONIO SALES,IBURA,RPA6,-8.10992133,-34.93284965,PSB,4460,52.0
2787,ESCOLA ARCA DE NOÉ,AFOGADOS,RPA5,0.0,0.0,PSB,1539,54.0
2807,ESCOLA AVENTURAS DO PINÓQUIO,ZUMBI,RPA4,-8.05481434,-34.91932557,PSB,1331,65.0
2828,ESCOLA BARROS CARVALHO,CORDEIRO,RPA4,-8.05244668,-34.92126302,PSB,4781,64.0
2849,ESCOLA BARÃO DE BONITO,AREIAS,RPA5,-8.0950174,-34.9388824,PSB,2614,50.0
2870,ESCOLA CARLÚCIO CASTANHO (ANTIGA ESCOLA MUNICIPAL UR-1),IBURA,RPA6,-8.121267,-34.94621743,PSB,2579,57.0
2891,ESCOLA CARMELA DUTRA,AFOGADOS,RPA5,-8.0785692,-34.9144185,PSB,1863,51.0
2910,ESCOLA CECÍLIA MEIRELES,IBURA,RPA6,0.0,0.0,PSB,260,53.0
2926,ESCOLA CHAVE DO SABER,AFOGADOS,RPA5,0.0,0.0,PSB,735,49.0
2945,ESCOLA COMANDANTE LUIZ GOMES - ANTIGA ESCOLA IRMÃ MAGNA,BREJO DE BEBERIBE,RPA3,-7.998911,-34.9241446,PSB,3308,63.0
2965,ESCOLA CONEGO ROCHAEL DE MEDEIROS,SANTO AMARO,RPA1,-8.0552189,-34.8799188,PSB,1095,45.0
2986,ESCOLA CORONEL OTHON,MACAXEIRA,RPA3,-8.0159375,-34.9283457,PSB,5171,61.0
3006,ESCOLA DE PRIMEIRO GRAU ADERBAL GALVAO,VASCO DA GAMA,RPA3,-8.0173273,-34.921496,PSB,1853,56.0
3027,ESCOLA DE REFERÊNCIA EM ENSINO FUNDAMENTAL MONSENHOR LEONARDO DE BARRO,SAO JOSE,RPA1,-8.073872,-34.8916216,PSB,1923,60.0
3047,ESCOLA DE REFERÊNCIA EM ENSINO MÉDIO CLÓVIS BEVILAQUA,HIPODROMO,RPA2,-8.0329496,-34.8869866,PSB,3370,53.0
3067,ESCOLA DE REFERÊNCIA EM ENSINO MÉDIO JOAQUIM NABUCO,SAO JOSE,RPA1,-8.0749404,-34.8912595,PSB,2884,59.0
3089,ESCOLA DE REFERÊNCIA EM ENSINO MÉDIO NÓBREGA(ANTIGO OLIVIO MONTENEGRO),ENCRUZILHADA,RPA2,-8.036079,-34.8891592,PSB,2947,44.0
3111,ESCOLA DE REFERÊNCIA EM ENSINO MÉDIO SYLVIO RABELLO,SANTO AMARO,RPA1,-8.0546948,-34.8807426,PSB,1418,42.0
3133,ESCOLA DIARIO DE PERNAMBUCO,ENGENHO DO MEIO,RPA4,-8.0542829,-34.9400843,PSB,5622,54.0
3154,ESCOLA DOM BOSCO,JARDIM SAO PAULO,RPA5,-8.0794774,-34.9483363,PSB,5476,60.0
3175,ESCOLA DOM BOSCO,SAN MARTIN,RPA5,-8.0618728,-34.9238289,PSB,3030,51.0
3197,ESCOLA DOM HELDER CAMARA,ESPINHEIRO,RPA3,-8.04091879,-34.88839903,PSB,841,41.0
3217,ESCOLA DOM SEBASTIAO LEME (POLIVALENTE),IBURA,RPA6,-8.11468068,-34.94950087,PSB,6219,56.0
3238,ESCOLA DONA MARIA TERESA CORREIA,ALTO JOSE DO PINHO,RPA3,-8.02192891,-34.90738392,PSB,4078,60.0
3260,ESCOLA DÉBORA FEIJÓ,AFOGADOS,RPA5,-8.0804116,-34.9209845,PSB,3132,53.0
3282,ESCOLA EDUCADOR PAULO FREIRE,BONGI,RPA5,0.0,0.0,PSB,1990,52.0
3303,ESCOLA EDWIGES DE SA PEREIRA,TEJIPIO,RPA5,-8.08991996,-34.95256022,PSB,1211,52.0
3323,ESCOLA ELEONOR ROOSEVELT,IPSEP,RPA6,-8.1080517,-34.9165719,PSB,3012,53.0
3343,ESCOLA EMBAIXADOR GILBERTO AMADO,HIPODROMO,RPA2,-8.0327883,-34.8878349,PSB,1896,52.0
3363,ESCOLA ENEIDA RABELO,JORDAO,RPA6,-8.13420882,-34.94136226,PSB,4101,49.0
3384,ESCOLA ENGENHEIRO LAURO DINIZ,IPSEP,RPA6,-8.1144305,-34.921196,PSB,2738,43.0
3405,ESCOLA ERUNDINA NEGREIROS DE ARAUJO,CASA AMARELA,RPA3,-8.00695833,-34.93628667,PSB,2933,64.0
3425,ESCOLA ESTADUAL AGEU MAGALHAES,CASA AMARELA,RPA3,-8.028025,-34.9104788,PSB,2572,55.0
3444,ESCOLA ESTADUAL ALVARO LINS,NOVA DESCOBERTA,RPA3,-7.9996364,-34.9228613,PSB,8099,65.0
3466,ESCOLA ESTADUAL ANA MALTA DA COSTA AZEVEDO,BOMBA DO HEMETERIO,RPA2,-8.0190826,-34.9098386,PSB,1912,60.0
3486,ESCOLA ESTADUAL ASSIS CHATEAUBRIAND,BRASILIA TEIMOSA,RPA6,-8.0866075,-34.882666,PSB,3911,52.0
3508,ESCOLA ESTADUAL BRIGADEIRO EDUARDO GOMES,BOA VIAGEM,RPA6,-8.13203229,-34.90662529,PSB,3233,36.0
3529,ESCOLA ESTADUAL CAIO PEREIRA,ALTO JOSE BONIFACIO,RPA3,-8.0123394,-34.913311,PSB,4586,67.0
3549,ESCOLA ESTADUAL CLOTILDE DE OLIVEIRA,NOVA DESCOBERTA,RPA3,-8.0199265,-34.9258204,PSB,4202,58.0
3570,ESCOLA ESTADUAL DELMIRO GOUVEIA,PINA,RPA6,-8.0927662,-34.8839828,PSB,1495,42.0
3591,ESCOLA ESTADUAL DOM BOSCO,CASA AMARELA,RPA3,-8.028214,-34.9107212,PSB,3749,53.0
3611,ESCOLA ESTADUAL DOM CARLOS COELHO,CAMPO GRANDE,RPA2,-8.0360151,-34.8832729,PSB,3866,62.0
3633,ESCOLA ESTADUAL DOM VITAL,CASA AMARELA,RPA3,-8.026995,-34.91828333,PSB,3221,51.0
3654,ESCOLA ESTADUAL DOUTOR FABIO CORREIA,BEBERIBE,RPA2,-8.0051866,-34.8982255,PSB,4525,61.0
3675,ESCOLA ESTADUAL DR. FRANCISCO PESSOA DE QUEIROZ,DOIS UNIDOS,RPA2,-7.9944694,-34.9113297,PSB,4227,58.0
3695,ESCOLA ESTADUAL GABRIELA MISTRAL,AGUA FRIA,RPA2,-8.0139627,-34.9036098,PSB,2788,59.0
3715,ESCOLA ESTADUAL JARBAS PERNAMBUCANO,CAJUEIRO,RPA2,-8.0106766,-34.8833191,PSB,4861,50.0
3736,ESCOLA ESTADUAL JOAO BEZERRA,PINA,RPA6,-8.0860511,-34.8829294,PSB,4976,51.0
3757,ESCOLA ESTADUAL JOSÉ MARIA,SANTO AMARO,RPA1,-8.0479681,-34.8805986,PSB,4391,58.0
3779,ESCOLA ESTADUAL JOSÉ VILELA,PARNAMIRIM,RPA3,-8.032245,-34.91287333,PSB,2205,41.0
3801,ESCOLA ESTADUAL LANDELINO ROCHA,PINA,RPA6,-8.0928228,-34.8836534,PSB,1169,39.0
3821,ESCOLA ESTADUAL MARIA DA CONCEIÇÃO DO REGO BARROS LACERDA,VARZEA,RPA4,-8.03679923,-34.97601004,PSB,4220,48.0
3842,ESCOLA ESTADUAL MATIAS DE ALBUQUERQUE,CASA AMARELA,RPA3,-8.0238447,-34.9134947,PSB,1874,54.0
3862,ESCOLA ESTADUAL MENINO JESUS,PINA,RPA6,-8.1002108,-34.8870776,PSB,683,40.0
3882,ESCOLA ESTADUAL PEDRO CELSO,BEBERIBE,RPA2,-8.0035202,-34.8984027,PSB,8399,60.0
3903,ESCOLA ESTADUAL PROF. PEDRO AUGUSTO CARNEIRO LEAO,FUNDAO,RPA2,-8.0157297,-34.890929,PSB,3859,53.0
3922,ESCOLA ESTADUAL PROFESSOR CÂNDIDO DUARTE,VARZEA,RPA4,-8.04790164,-34.95903161,PSB,1057,48.0
3943,ESCOLA ESTADUAL PROFESSOR FERNANDO MOTA,BOA VIAGEM,RPA6,-8.13615425,-34.91434268,PSB,2067,41.0
3965,ESCOLA ESTADUAL PROFESSOR JOSE DOS ANJOS,DOIS UNIDOS,RPA2,-7.9893062,-34.9168646,PSB,4248,56.0
3987,ESCOLA ESTADUAL REGUEIRA COSTA,ROSARINHO,RPA2,-8.03407026,-34.89840223,PSB,2203,40.0
4008,ESCOLA ESTADUAL ROSA MAGALHAES MELO,AGUA FRIA,RPA2,-8.0106041,-34.9015524,PSB,3925,59.0
4029,ESCOLA ESTADUAL SAO FRANCISCO DE ASSIS,AGUA FRIA,RPA2,-8.0236027,-34.895349,PSB,2053,53.0
4050,ESCOLA ESTADUAL SAO JUDAS TADEU,CAMPINA DO BARRETO,RPA2,-8.0208128,-34.8811931,PSB,5293,57.0
4071,ESCOLA ESTADUAL SARGENTO CAMARGO,BOA VIAGEM,RPA6,-8.1166912,-34.8940292,PSB,1263,33.0
4093,ESCOLA ESTADUAL SILVA JARDIM,MONTEIRO,RPA3,-8.02816167,-34.928145,PSB,3939,49.0
4114,ESCOLA ESTADUAL SÃO FRANCISCO DE ASSIS,IMBIRIBEIRA,RPA6,-8.1048035,-34.9092206,PSB,1700,57.0
4133,ESCOLA FERNANDES VIEIRA,IPUTINGA,RPA4,-8.0411402,-34.9380077,PSB,1051,54.0
4155,ESCOLA GENERAL SAN MARTIN,SAN MARTIN,RPA5,-8.0673881,-34.9278914,PSB,2581,51.0
4175,ESCOLA GERCINO DE PONTES,IMBIRIBEIRA,RPA6,-8.0861991,-34.911016,PSB,1961,44.0
4196,ESCOLA GOV. CARLOS DE LIMA CAVALCANTI,CASA AMARELA,RPA3,-8.0263212,-34.9108286,PSB,3490,55.0
4216,ESCOLA GOVERNADOR BARBOSA LIMA,GRACAS,RPA3,-8.05277742,-34.89642382,PSB,442,38.0
4237,ESCOLA HERÓIS DA RESTAURAÇÃO,AREIAS,RPA5,-8.0977137,-34.9352353,PSB,3939,52.0
4258,ESCOLA JOAQUIM XAVIER DE BRITO,IPUTINGA,RPA4,-8.04154508,-34.93131484,PSB,3474,58.0
4279,ESCOLA JORNALISTA COSTA PORTO,JORDAO,RPA6,-8.13371578,-34.93559527,PSB,4419,46.0
4299,ESCOLA JORNALISTA TRAJANO CHACON,CORDEIRO,RPA4,-8.0484132,-34.9260646,PSB,4298,52.0
4321,ESCOLA JOSÉ MARIANO,AREIAS,RPA5,-8.0879471,-34.9324667,PSB,2203,57.0
4340,ESCOLA LAGOA ENCANTADA,IBURA,RPA6,-8.122798,-34.95091593,PSB,6640,55.0
4361,ESCOLA LUIS DE CAMOES,BRASILIA TEIMOSA,RPA6,-8.0848464,-34.8826088,PSB,2778,51.0
4382,ESCOLA LUIZ DELGADO,BOA VISTA,RPA1,-8.0557655,-34.8826629,PSB,1341,47.0
4403,ESCOLA MACIEL PINHEIRO,TORRE,RPA4,-8.0467114,-34.9134651,PSB,2058,54.0
4422,ESCOLA MAESTRO NELSON FERREIRA,IBURA,RPA6,-8.12534399,-34.93575077,PSB,373,52.0
4441,ESCOLA MARCELINO CHAMPAGNAT,TEJIPIO,RPA5,-8.08972686,-34.95250521,PSB,2074,53.0
4461,ESCOLA MARIA AMÁLIA,MACAXEIRA,RPA3,-8.013778,-34.9313705,PSB,2225,62.0
4481,ESCOLA MARIA GORETTI,AFOGADOS,RPA5,0.0,0.0,PSB,2010,52.0
4502,ESCOLA MARIA RITA DA SILVA LESSA,JORDAO,RPA6,-8.13599766,-34.93835243,PSB,2396,46.0
4524,ESCOLA MARIA SAMPAIO DE LUCENA,IBURA,RPA6,-8.12109221,-34.94618145,PSB,3831,56.0
4546,ESCOLA MARIANO TEIXEIRA,AREIAS,RPA5,-8.0956701,-34.9308423,PSB,5065,54.0
4567,ESCOLA MARTINS JÚNIOR,TORRE,RPA4,-8.04755094,-34.91321511,PSB,1857,58.0
4587,ESCOLA MAURICIO DE NASSAU,CASA AMARELA,RPA3,-8.02278818,-34.92593426,PSB,1606,53.0
4605,ESCOLA MISSIONÁRIO SÃO BENTO,IBURA,RPA6,-8.13158467,-34.94767403,PSB,510,54.0
4623,ESCOLA MONSENHOR ALVARO NEGROMONTE,TEJIPIO,RPA5,-8.08083828,-34.96857744,PSB,4007,51.0
4643,ESCOLA MOTA E ALBUQUERQUE,TAMARINEIRA,RPA3,-8.02957,-34.906035,PSB,1774,52.0
4662,ESCOLA MUN. MIGUEL ARRAES DE ALENCAR-SEDE (ANT. WALT DISNEY- ESTANCIA),ESTANCIA,RPA5,-8.092548,-34.9255037,PSB,4352,62.0
4684,ESCOLA MUNCIPAL JOSE MUCIO MONTEIRO,IBURA,RPA6,-8.12750986,-34.95304669,PSB,892,66.0
4704,ESCOLA MUNICIPAL 27 DE NOVEMBRO,IBURA,RPA6,-8.11157708,-34.95378358,PSB,1507,58.0
4723,ESCOLA MUNICIPAL ABEL GUEIROS,MACAXEIRA,RPA3,-8.0147192,-34.9313208,PSB,1624,61.0
4743,ESCOLA MUNICIPAL ALMIRANTE SOARES DUTRA,CABANGA,RPA1,-8.0790855,-34.8950788,PSB,1696,57.0
4760,ESCOLA MUNICIPAL ALTO DA BELA VISTA,TOTO,RPA5,-8.08480741,-34.96883462,PSB,911,46.0
4772,ESCOLA MUNICIPAL ALTO DA GUABIRABA,BREJO DA GUABIRABA,RPA3,-7.991901,-34.9334445,PSB,150,74.0
4787,ESCOLA MUNICIPAL ANA MAURÍCIA WANDERLEY,AGUA FRIA,RPA2,-8.0179648,-34.8960306,PSB,1494,54.0
4807,ESCOLA MUNICIPAL ANTONIO HERACLIO DO REGO,FUNDAO,RPA2,-8.0185508,-34.8889563,PSB,3116,55.0
4827,ESCOLA MUNICIPAL BALBINA MENELAU,JARDIM SAO PAULO,RPA5,-8.0832263,-34.9497006,PSB,1833,57.0
4847,ESCOLA MUNICIPAL CAMPINA DO BARRETO,CAJUEIRO,RPA2,-8.009449,-34.8865471,PSB,1848,52.0
4866,ESCOLA MUNICIPAL CHICO MENDES,AREIAS,RPA5,-8.1032539,-34.9326317,PSB,1884,58.0
4885,ESCOLA MUNICIPAL CHICO SCIENCE,VASCO DA GAMA,RPA3,-8.0129886,-34.920726,PSB,926,54.0
4903,ESCOLA MUNICIPAL CICERO FRANKLIN CORDEIRO,IBURA,RPA6,-8.13595889,-34.95472997,PSB,2550,56.0
4921,ESCOLA MUNICIPAL COMPOSITOR CAPIBA (ANTIGO RADICAL COLÉGIO E CURSO),TORREAO,RPA2,-8.0375476,-34.883751,PSB,722,52.0
4940,ESCOLA MUNICIPAL CREUSA DE FREITAS CAVALCANTI,TORROES,RPA4,-8.0614742,-34.9356116,PSB,967,63.0
4960,ESCOLA MUNICIPAL CRISTIANO CORDEIRO,IBURA,RPA6,-8.11476328,-34.95385308,PSB,3489,55.0
4980,ESCOLA MUNICIPAL CÉLIA ARRAES,VARZEA,RPA4,-8.0390585,-34.95865155,PSB,1773,53.0
5000,ESCOLA MUNICIPAL DA GUABIRABA,BREJO DA GUABIRABA,RPA3,-7.99353798,-34.93525553,PSB,2244,69.0
5017,ESCOLA MUNICIPAL DA IPUTINGA,IPUTINGA,RPA4,-8.04185265,-34.92838621,PSB,4511,60.0
5038,ESCOLA MUNICIPAL DA MANGABEIRA,MANGABEIRA,RPA3,-8.02361514,-34.90043103,PSB,1169,56.0
5057,ESCOLA MUNICIPAL DARCY RIBEIRO,CORDEIRO,RPA4,-8.04610127,-34.92063457,PSB,4862,52.0
5078,ESCOLA MUNICIPAL DE  DOIS RIOS,IBURA,RPA6,-8.12704202,-34.94458782,PSB,2234,52.0
5098,ESCOLA MUNICIPAL DE BEBERIBE - ANTIGA ZULEIDE GOMES,BEBERIBE,RPA2,-8.0033253,-34.898994,PSB,1719,59.0
5115,ESCOLA MUNICIPAL DE CASA AMARELA,NOVA DESCOBERTA,RPA3,-8.0007059,-34.9259155,PSB,1678,62.0
5133,ESCOLA MUNICIPAL DE TEJIPIO,TEJIPIO,RPA5,-8.09213178,-34.96433095,PSB,1215,50.0
5154,ESCOLA MUNICIPAL DE TEMPO INTEGRAL JOSE DA COSTA PORTO,SAO JOSE,RPA1,-8.0720222,-34.900753,PSB,3985,63.0
5174,ESCOLA MUNICIPAL DEPUTADO EDSON CANTARELLI,JORDAO,RPA6,-8.12986295,-34.93868818,PSB,1544,47.0
5194,ESCOLA MUNICIPAL DINÁ DE OLIVEIRA,IPUTINGA,RPA4,-8.03024895,-34.93461503,PSB,5509,59.0
5215,ESCOLA MUNICIPAL DIVINO ESPÍRITO SANTO,VARZEA,RPA4,-8.03085015,-34.95472056,PSB,2776,48.0
5234,ESCOLA MUNICIPAL DO JORDAO,JORDAO,RPA6,-8.13902054,-34.92892417,PSB,578,44.0
5253,ESCOLA MUNICIPAL DO SANCHO,TEJIPIO,RPA5,-8.0906564,-34.96578607,PSB,1171,49.0
5273,ESCOLA MUNICIPAL DOM JOSÉ LAMARTINE SOARES,VASCO DA GAMA,RPA3,-8.0083365,-34.9194974,PSB,2601,64.0
5293,ESCOLA MUNICIPAL EBENEZER GUEIROS,IPUTINGA,RPA4,-8.0371194,-34.93297557,PSB,2611,57.0
5312,ESCOLA MUNICIPAL EDITE BRAGA,AFOGADOS,RPA5,-8.0790561,-34.904918,PSB,583,51.0
5331,ESCOLA MUNICIPAL ENGENHO DO MEIO,ENGENHO DO MEIO,RPA4,-8.0497194,-34.9396189,PSB,1724,52.0
5352,ESCOLA MUNICIPAL FERNANDO SANTA CRUZ,JORDAO,RPA6,-8.13716793,-34.94137716,PSB,443,48.0
5372,ESCOLA MUNICIPAL FLORESTAN FERNANDES,IBURA,RPA6,-8.11559425,-34.94243722,PSB,3149,50.0
5392,ESCOLA MUNICIPAL FUTURO FELIZ,IBURA,RPA6,-8.12659045,-34.95567784,PSB,1263,58.0
5410,ESCOLA MUNICIPAL IBURA DE BAIXO,IBURA,RPA6,-8.11480274,-34.94258729,PSB,1843,51.0
5429,ESCOLA MUNICIPAL ISAAC PEREIRA DA SILVA,AREIAS,RPA5,-8.0933279,-34.9348106,PSB,771,51.0
5447,ESCOLA MUNICIPAL JARDIM MONTE VERDE,IBURA,RPA6,-8.12003534,-34.96008229,PSB,3378,56.0
5466,ESCOLA MUNICIPAL JARDIM UCHÔA,AREIAS,RPA5,-8.0947243,-34.9366369,PSB,450,47.0
5483,ESCOLA MUNICIPAL JOSUÉ DE CASTRO,BRASILIA TEIMOSA,RPA6,-8.0842529,-34.8818459,PSB,976,50.0
5504,ESCOLA MUNICIPAL JOÃO CABRAL DE MELO NETO,PINA,RPA6,-8.0916765,-34.8860153,PSB,1421,49.0
5523,ESCOLA MUNICIPAL JOÃO XXIII,IPUTINGA,RPA4,-8.04167202,-34.93051766,PSB,3041,59.0
5544,ESCOLA MUNICIPAL JÚLIO VICENTE ALVES DE ARAÚJO,MORRO DA CONCEICAO,RPA3,-8.0192239,-34.9149331,PSB,818,59.0
5565,ESCOLA MUNICIPAL KARLA PATRICIA,BOA VIAGEM,RPA6,-8.1089216,-34.8959428,PSB,1870,39.0
5585,ESCOLA MUNICIPAL LAGOA ENCANTADA,IBURA,RPA6,-8.11992152,-34.95018168,PSB,711,56.0
5602,ESCOLA MUNICIPAL LUIS VAZ DE CAMÕES ,IPSEP,RPA6,-8.1101518,-34.9213803,PSB,705,54.0
5622,ESCOLA MUNICIPAL MANOEL ANTONIO DE FREITAS,ALTO SANTA TEREZINHA,RPA2,-8.0176833,-34.909161,PSB,894,62.0
5641,ESCOLA MUNICIPAL MARIO MELO,CAMPO GRANDE,RPA2,-8.0285576,-34.8799585,PSB,3823,57.0
5661,ESCOLA MUNICIPAL MARLUCE SANTIAGO DA SILVA,PASSARINHO,RPA3,-7.980366,-34.9177142,PSB,2645,58.0
5682,ESCOLA MUNICIPAL MONSENHOR VIANA,BEBERIBE,RPA2,-8.0046059,-34.8982269,PSB,2260,61.0
5701,ESCOLA MUNICIPAL MÉRCIA DE ALBUQUERQUE FERREIRA,ILHA DO RETIRO,RPA4,-8.06556128,-34.9063465,PSB,1062,55.0
5720,ESCOLA MUNICIPAL NOVO PINA,PINA,RPA6,-8.0916098,-34.8876861,PSB,3861,55.0
5740,ESCOLA MUNICIPAL OLINDINA MONTEIRO DE OLIVEIRA FRANCA,DOIS UNIDOS,RPA2,-8.002735,-34.9061975,PSB,2414,61.0
5760,ESCOLA MUNICIPAL OSVALDO LIMA FILHO,PINA,RPA6,-8.0990131,-34.8865853,PSB,3793,46.0
5781,ESCOLA MUNICIPAL OTÁVIO DE MEIRA LINS,VASCO DA GAMA,RPA3,-8.0102267,-34.9163278,PSB,2559,57.0
5801,ESCOLA MUNICIPAL PAROQUIAL CRISTO REI,TORRE,RPA4,-8.0477988,-34.91247928,PSB,992,51.0
5819,ESCOLA MUNICIPAL PASTOR MUNGUBA SOBRINHO,JORDAO,RPA6,-8.13939059,-34.92878157,PSB,1195,46.0
5838,ESCOLA MUNICIPAL PASTOR PAULO LEIVAS MACALAO,ALTO JOSE BONIFACIO,RPA3,-8.0121405,-34.9088785,PSB,2701,67.0
5859,ESCOLA MUNICIPAL PAULO VI,LINHA DO TIRO,RPA2,-8.0076779,-34.9046548,PSB,5827,63.0
5879,ESCOLA MUNICIPAL PAZ E AMOR,IBURA,RPA6,0.0,0.0,PSB,953,53.0
5892,ESCOLA MUNICIPAL PEDRO ALCÂNTARA,CORREGO DO JENIPAPO,RPA3,-8.0026311,-34.9376778,PSB,83,74.0
5908,ESCOLA MUNICIPAL PINTOR LULA CARDOSO AYRES,JORDAO,RPA6,-8.13131528,-34.93804488,PSB,1496,46.0
5928,ESCOLA MUNICIPAL POETA PAULO BANDEIRA DA CRUZ,IBURA,RPA6,-8.12182355,-34.95545278,PSB,1993,57.0
5948,ESCOLA MUNICIPAL POETA SOLANO TRINDADE,FUNDAO,RPA2,-8.0183707,-34.8891694,PSB,2054,56.0
5966,ESCOLA MUNICIPAL PROF ALMERINDA UMBELINO DE BARROS,VASCO DA GAMA,RPA3,-8.0100494,-34.9209206,PSB,3813,61.0
5985,ESCOLA MUNICIPAL PROF. ENALDO MANOEL DE SOUZA,JORDAO,RPA6,-8.13520231,-34.94029947,PSB,959,51.0
6003,ESCOLA MUNICIPAL PROF. MARIA DA PAZ BRANDAO ALVES,SANCHO,RPA5,-8.08239238,-34.96153418,PSB,4220,59.0
6024,ESCOLA MUNICIPAL PROF. MAURO MOTA,NOVA DESCOBERTA,RPA3,-8.000239,-34.9309263,PSB,3661,68.0
6044,ESCOLA MUNICIPAL PROFESSOR ADAUTO PONTES,JORDAO,RPA6,-8.13529293,-34.94483994,PSB,1727,52.0
6060,ESCOLA MUNICIPAL PROFESSOR JOSÉ LOURENÇO,IBURA,RPA6,0.0,0.0,PSB,164,52.0
6077,ESCOLA MUNICIPAL PROFESSOR JOÃO BATISTA LIPO NETO,VARZEA,RPA4,-8.03564373,-34.99002585,PSB,1262,47.0
6097,ESCOLA MUNICIPAL PROFESSOR JOÃO FRANCISCO DE SOUZA,VARZEA,RPA4,-8.037081,-34.97336074,PSB,1817,47.0
6117,ESCOLA MUNICIPAL PROFESSOR NILO PEREIRA,CASA AMARELA,RPA3,-8.02764167,-34.92552667,PSB,1369,53.0
6138,ESCOLA MUNICIPAL PROFESSOR POTIGUAR MATOS,SAN MARTIN,RPA5,-8.0724019,-34.9256886,PSB,2297,53.0
6159,ESCOLA MUNICIPAL PROFESSOR RICARDO GAMA,LINHA DO TIRO,RPA2,-8.0074503,-34.9043785,PSB,4607,66.0
6179,ESCOLA MUNICIPAL PROFESSORA  JANDIRA BOTELHO,CAMPO GRANDE,RPA2,-8.0240682,-34.8780869,PSB,828,63.0
6197,ESCOLA MUNICIPAL PROFESSORA HÉLIA MARIA PEREIRA,CAMPO GRANDE,RPA2,-8.0367278,-34.8803119,PSB,971,59.0
6216,ESCOLA MUNICIPAL ROZEMAR DE MACEDO LIMA,CASA AMARELA,RPA3,-8.0230309,-34.9133875,PSB,1095,57.0
6234,ESCOLA MUNICIPAL SANTA CECILIA,CAMPO GRANDE,RPA2,-8.0367796,-34.8805078,PSB,918,63.0
6251,ESCOLA MUNICIPAL SANTA LUZIA,ESTANCIA,RPA5,-8.0854451,-34.9283202,PSB,3024,59.0
6272,ESCOLA MUNICIPAL SANTA MARIA,ALTO JOSE DO PINHO,RPA3,-8.02201452,-34.90886759,PSB,3674,59.0
6293,ESCOLA MUNICIPAL SANTA MARIA GORETTI,VASCO DA GAMA,RPA3,-8.0112391,-34.9182972,PSB,1576,58.0
6312,ESCOLA MUNICIPAL SAO JOAO BATISTA,AGUA FRIA,RPA2,-8.0120094,-34.9045723,PSB,2054,61.0
6331,ESCOLA MUNICIPAL SEVERINA LIRA,TAMARINEIRA,RPA3,-8.0287,-34.90061167,PSB,401,52.0
6348,ESCOLA MUNICIPAL SIMOES BARBOSA,IBURA,RPA6,-8.11522451,-34.93989904,PSB,2328,51.0
6367,ESCOLA MUNICIPAL SOLANO MAGALHAES,PINA,RPA6,-8.087968,-34.8933762,PSB,1891,57.0
6387,ESCOLA MUNICIPAL SÃO DOMINGOS,IPUTINGA,RPA4,-8.0384917,-34.9359089,PSB,649,51.0
6408,ESCOLA MUNICIPAL UMBERTO GONDIM,PINA,RPA6,-8.0847435,-34.8841292,PSB,999,50.0
6429,ESCOLA MUNICIPAL VILA OPERÁRIA RECIFE,IBURA,RPA6,-8.12435848,-34.93624171,PSB,1973,51.0
6449,ESCOLA MUNICIPAL VILA SANTA LUZIA,CORDEIRO,RPA4,-8.0493728,-34.92116221,PSB,1430,55.0
6468,ESCOLA MUNICIPAL VILA SESAMO,COHAB,RPA6,-8.13376554,-34.94999914,PSB,1768,56.0
6488,ESCOLA MUNICIPAL ZUMBI DOS PALMARES,AGUA FRIA,RPA4,-8.04080939,-34.95187514,PSB,1777,52.0
6509,ESCOLA MUNICIPAL ÁGUA FRIA,CAMPINA DO BARRETO,RPA2,-8.0129146,-34.8810423,PSB,1443,57.0
6529,ESCOLA NADIR COLACO,MACAXEIRA,RPA3,-8.0171853,-34.9286164,PSB,5649,62.0
6548,ESCOLA OLINTO VICTOR,VARZEA,RPA4,-8.03259116,-34.95563879,PSB,2930,50.0
6569,ESCOLA OTHON PARAISO,MUSTARDINHA,RPA5,-8.0660922,-34.9170033,PSB,5188,60.0
6591,ESCOLA PADRE DEHON,IPUTINGA,RPA4,-8.04126291,-34.93753573,PSB,4003,54.0
6612,ESCOLA PADRE JOSE MATHIAS DELGADO,JARDIM SAO PAULO,RPA5,-8.0789951,-34.9399709,PSB,3385,60.0
6633,ESCOLA PADRE LEBRET,IBURA,RPA6,-8.1200325,-34.9545531,PSB,4095,56.0
6654,ESCOLA PADRE MACHADO,CASA AMARELA,RPA3,-8.0260547,-34.9135129,PSB,4359,56.0
6676,ESCOLA PAULA FRASSINETTI,ESPINHEIRO,RPA3,-8.04082688,-34.88832571,PSB,1779,42.0
6697,ESCOLA PINHEIROS,IMBIRIBEIRA,RPA6,-8.0901962,-34.9103943,PSB,2099,42.0
6718,ESCOLA PINTOR LAURO VILLARES,TORROES,RPA4,-8.0605874,-34.9379881,PSB,2784,54.0
6737,ESCOLA PLANETA INFANTIL,JARDIM SAO PAULO,RPA5,-8.0825288,-34.9471679,PSB,2493,56.0
6758,ESCOLA POETA JOAQUIM CARDOSO,NOVA DESCOBERTA,RPA3,-8.001363,-34.9310164,PSB,1296,64.0
6776,ESCOLA POLITÉCNICA,MADALENA,RPA4,-8.05914924,-34.90366192,PSB,1411,40.0
6797,ESCOLA PRESIDENTE ARTUR DA COSTA E SILVA,MUSTARDINHA,RPA5,-8.0725579,-34.9229045,PSB,2900,55.0
6818,ESCOLA PROF. MARCOS DE BARROS FREIRE,IBURA,RPA6,-8.11258614,-34.94765013,PSB,2891,57.0
6838,ESCOLA PROFESSOR ALFREDO FREYRE,ARRUDA,RPA2,-8.02132816,-34.89265085,PSB,6643,53.0
6860,ESCOLA PROFESSOR ANTONIO DE BRITO ALVES,MUSTARDINHA,RPA5,-8.0740214,-34.9180042,PSB,4067,61.0
6882,ESCOLA PROFESSOR JORDAO EMERENCIANO,COHAB,RPA6,-8.11991893,-34.95444642,PSB,6712,57.0
6903,ESCOLA PROFESSOR JOSÉ VICENTE,IPSEP,RPA6,-8.1129913,-34.924663,PSB,1488,44.0
6924,ESCOLA PROFESSOR LEAL DE BARROS,ENGENHO DO MEIO,RPA4,-8.0562502,-34.9438508,PSB,3760,54.0
6945,ESCOLA PROFESSORA FONTAINHA DE ABREU,TORROES,RPA4,-8.0520234,-34.9373661,PSB,381,52.0
6964,ESCOLA PROFESSORA HELENA PUGÓ,TORROES,RPA4,-8.0677746,-34.9319254,PSB,7907,54.0
6985,ESCOLA PROFESSORA INALDA SPINELLI,BOA VIAGEM,RPA6,0.0,0.0,PSB,933,34.0
7005,ESCOLA PROFESSORA OLINDINA ALVES SEMENTE,BARRO,RPA5,-8.08821537,-34.94246763,PSB,4403,67.0
7024,ESCOLA PROFISSIONALIZANTE DE AREIAS,AREIAS,RPA5,-8.0939891,-34.9359538,PSB,393,54.0
7040,ESCOLA PROFISSIONALIZANTE DOM BOSCO,CASA AMARELA,RPA3,-8.0293758,-34.9084521,PSB,862,43.0
7059,ESCOLA REUNIDA PADRE JOAO BARBOSA,MORRO DA CONCEICAO,RPA3,-8.0189771,-34.9160131,PSB,1492,55.0
7079,ESCOLA ROBERTO SILVEIRA,JORDAO,RPA6,-8.13659354,-34.93662353,PSB,1462,47.0
7100,ESCOLA ROTARY DE NOVA DESCOBERTA,NOVA DESCOBERTA,RPA3,-7.9990845,-34.9238316,PSB,4566,63.0
7120,ESCOLA ROTARY DO ALTO DO PASCOAL,AGUA FRIA,RPA2,-8.0153764,-34.9020735,PSB,5553,60.0
7141,ESCOLA SAO CRISTOVAO,BREJO DA GUABIRABA,RPA3,-7.99371049,-34.93556881,PSB,4591,69.0
7159,ESCOLA SENADOR ANTONIO FARIAS,IBURA,RPA6,-8.12678209,-34.95566037,PSB,2213,56.0
7177,ESCOLA SENADOR NILO COELHO,ESTANCIA,RPA5,-8.0942904,-34.9279336,PSB,3982,63.0
7198,ESCOLA SENADOR NOVAES FILHO,VARZEA,RPA4,-8.0484036,-34.96185037,PSB,4722,56.0
7220,ESCOLA SENADOR PAULO GUERRA,TEJIPIO,RPA5,-8.09245552,-34.94983247,PSB,3699,55.0
7242,ESCOLA SOUZA VERAS,ENGENHO DO MEIO,RPA4,-8.0514608,-34.9426332,PSB,1007,44.0
7261,ESCOLA SÃO MIGUEL,CASA AMARELA,RPA3,-8.02422959,-34.92917646,PSB,1755,56.0
7282,ESCOLA TOME GIBSON,GUABIRABA,RPA3,-7.99211047,-34.93544565,PSB,4375,66.0
7302,ESCOLA TRAJANO DE MENDONCA,JARDIM SAO PAULO,RPA5,-8.0786768,-34.9416587,PSB,5556,58.0
7322,ESCOLA TREZE DE MAIO - GILBERTO FREIRE,VASCO DA GAMA,RPA3,-8.0127213,-34.9231998,PSB,3667,61.0
7344,ESCOLA TÉCNICA ESTADUAL CÍCERO DIAS,BOA VIAGEM,RPA6,-8.12869517,-34.90756425,PSB,1791,39.0
7364,ESCOLA TÉCNICA ESTADUAL MIGUEL BATISTA,MACAXEIRA,RPA3,-8.0142622,-34.9315337,PSB,2063,60.0
7384,ESCOLA VIDAL DE NEGREIROS,AFOGADOS,RPA5,-8.077181,-34.9137707,PSB,4289,54.0
7405,ESCOLA VILA DOS MILAGRES,IBURA,RPA6,-8.11297613,-34.94605355,PSB,1769,56.0
7424,ESCOLA VILA SEZAMO,CASA AMARELA,RPA3,-8.0286721,-34.9144157,PSB,1729,49.0
7444,ESCOLA WALDEMAR DE OLIVEIRA,SANTO AMARO,RPA1,-8.0549996,-34.8802025,PSB,510,41.0
7464,ETE - ESCOLA TECNICA ESTADUAL - GINASIO PERNAMBUCANO,SANTO AMARO,RPA1,-8.0517981,-34.8801503,PSB,2742,56.0
7483,ETE - ESCOLA TÉCNICA ESTADUAL ALMIRANTE SOARES DUTRA,SANTO AMARO,RPA1,-8.047383,-34.8758951,PSB,3949,58.0
7504,ETEPAM - ESCOLA TECNICA ESTADUAL PROF. AGAMENON MAGALHAES,ENCRUZILHADA,RPA2,-8.03916707,-34.8922357,PSB,2933,39.0
7525,FACULDADE BOA VIAGEM - FBV,IMBIRIBEIRA,RPA6,-8.1066778,-34.9149772,PSB,7735,48.0
7546,FACULDADE ESTÁCIO (ANTIGA FIR),MADALENA,RPA4,-8.06229953,-34.9167451,PSB,3359,52.0
7568,FACULDADE IMACULADA CONCEIÇÃO DO RECIFE,IPUTINGA,RPA4,-8.0401941,-34.9399495,PSB,4030,53.0
7587,FACULDADE NOVA ROMA - UNIDADE BOA VIAGEM,BOA VIAGEM,RPA6,-8.1177563,-34.9001164,PSB,213,40.0
7606,FACULDADE SANTA HELENA,MADALENA,RPA4,-8.05241645,-34.91720721,PSB,3558,57.0
7626,FCAP - FACULDADE DE CIÊNCIAS DA ADMINISTRAÇÃO DE PERNAMBUCO,MADALENA,RPA4,-8.0611189,-34.9029219,PSB,663,44.0
7646,GRAU TÉCNICO,IMBIRIBEIRA,RPA6,-8.0922333,-34.9089477,PSB,1209,43.0
7666,GRUPO ESCOLAR MOACIR DE ALBUQUERQUE,NOVA DESCOBERTA,RPA3,-8.0016097,-34.925288,PSB,2055,63.0
7687,INSTITUTO BLUE DE EDUCACAO E CULTURA - BLUE SCHOOL (CONECTA),MADALENA,RPA4,-8.06007609,-34.90191127,PSB,4432,49.0
7706,INSTITUTO DOS CEGOS,GRACAS,RPA3,-8.05206647,-34.90222191,PSB,205,37.0
7724,INSTITUTO PROFISSIONAL MARIA AUXILIADORA,GRACAS,RPA3,-8.05263676,-34.89841034,PSB,1260,36.0
7745,INSTITUTO SANTA MARIA MAZZARELLO - I,VARZEA,RPA4,-8.04464218,-34.95898251,PSB,4641,49.0
7766,INSTITUTO SANTA MARIA MAZZARELLO - II,VARZEA,RPA4,-8.04545336,-34.95929206,PSB,4025,50.0
7786,INSTITUTO SANTA RITA DE CÁSSIA,IBURA,RPA6,-8.11603221,-34.9394106,PSB,421,50.0
7805,INVEST CENTRO EDUCACIONAL,PORTO DA MADEIRA,RPA2,-8.0073711,-34.8904874,PSB,4989,55.0
7825,LOGOS COLÉGIO,IMBIRIBEIRA,RPA6,-8.0988747,-34.9116302,PSB,363,42.0
7844,NÚCLEO COLÉGIO  -  (ANTIGO COLEGIO GGE),BOA VIAGEM,RPA6,-8.1084724,-34.8908372,PSB,501,35.0
7863,PARQUE DE EXPOSIÇÃO DE ANIMAIS DO CORDEIRO,CORDEIRO,RPA4,-8.0472902,-34.9267399,PSB,1902,51.0
7883,PARÓQUIA DE SANTO ANTONIO ÁGUA FRIA/ARRUDA,ARRUDA,RPA2,-8.0225158,-34.8891801,PSB,1238,54.0
7904,PARÓQUIA NOSSA SENHORA DO BOM PARTO-ANT CENTRO PAROQUIAL CAMPO GRANDE,CAMPO GRANDE,RPA2,-8.0322568,-34.8791636,PSB,1671,54.0
7924,PERPART,CORDEIRO,RPA4,-8.0460748,-34.9223623,PSB,2131,52.0
7945,SANTA CRUZ FUTEBOL CLUBE,ARRUDA,RPA2,-8.02648904,-34.8930908,PSB,3060,50.0
7966,SECRETARIA EXECUTIVA DE COMÉRCIO POPULAR- SECPOP,CASA AMARELA,RPA3,-8.0232201,-34.9149842,PSB,1197,56.0
7985,SENAC,SANTO AMARO,RPA1,0.0,0.0,PSB,1984,53.0
8005,SENAI - SERVICO NACIONAL DE APRENDIZAGEM INDUSTRIAL,AREIAS,RPA5,-8.0897125,-34.9337771,PSB,2410,53.0
8025,SESC,MANGABEIRA,RPA3,-8.02592,-34.90526667,PSB,3178,57.0
8047,SESI,VASCO DA GAMA,RPA3,-8.0189622,-34.9213001,PSB,5195,57.0
8068,SESI - SERVICO SOCIAL DA INDUSTRIA,IBURA,RPA6,-8.11019512,-34.93717534,PSB,4828,52.0
8090,UNIBRA,BOA VISTA,RPA1,-8.0527369,-34.8918406,PSB,3810,41.0
8111,UNINASSAU - UNIDADE BOA VIAGEM,BOA VIAGEM,RPA6,-8.12354599,-34.90779866,PSB,3745,37.0
8133,UNIVERSIDADE SALGADO DE OLIVEIRA - UNIVERSO,IMBIRIBEIRA,RPA6,-8.1032052,-34.9105553,PSB,4476,49.0
8154,VILA APRENDIZ,BOA VIAGEM,RPA6,0.0,0.0,PSB,746,35.0
