,EBAIRRNOMEOF,sigla_partido,votos_bairro,pct_local
0,AFLITOS,AVANTE,47,2.0
1,AFLITOS,DC,13,1.0
2,AFLITOS,MDB,208,8.0
3,AFLITOS,MOBILIZA,6,0.0
4,AFLITOS,NOVO,290,6.0
5,AFLITOS,PC do B,134,5.0
6,AFLITOS,PL,803,16.0
7,AFLITOS,PP,41,2.0
8,AFLITOS,PRD,33,1.0
9,AFLITOS,PSB,1830,37.0
10,AFLITOS,PSD,250,5.0
11,AFLITOS,PSDB,4,1.0
12,AFLITOS,PSOL,483,10.0
13,AFLITOS,PSTU,11,1.0
14,AFLITOS,PT,266,11.0
15,AFLITOS,PV,59,2.0
16,AFLITOS,REDE,26,1.0
17,AFLITOS,REPUBLICANOS,70,3.0
18,AFLITOS,SOLIDARIEDADE,2,0.0
19,AFLITOS,UP,15,0.0
20,AFOGADOS,AVANTE,430,2.0
21,AFOGADOS,CIDADANIA,11,0.0
22,AFOGADOS,DC,561,2.0
23,AFOGADOS,MDB,2024,8.0
24,AFOGADOS,MOBILIZA,227,1.0
25,AFOGADOS,NOVO,967,2.0
26,AFOGADOS,PC do B,276,1.0
27,AFOGADOS,PCO,3,0.0
28,AFOGADOS,PL,6059,13.0
29,AFOGADOS,PP,980,4.0
30,AFOGADOS,PRD,1646,7.0
31,AFOGADOS,PSB,24886,52.0
32,AFOGADOS,PSD,1965,4.0
33,AFOGADOS,PSDB,19,0.0
34,AFOGADOS,PSOL,1062,2.0
35,AFOGADOS,PSTU,15,0.0
36,AFOGADOS,PT,1354,6.0
37,AFOGADOS,PV,532,2.0
38,AFOGADOS,REDE,207,1.0
39,AFOGADOS,REPUBLICANOS,798,3.0
40,AFOGADOS,SOLIDARIEDADE,60,0.0
41,AFOGADOS,UP,30,0.0
42,AGUA FRIA,AVANTE,1112,5.0
43,AGUA FRIA,CIDADANIA,6,0.0
44,AGUA FRIA,DC,95,1.0
45,AGUA FRIA,MDB,1145,5.0
46,AGUA FRIA,MOBILIZA,69,1.0
47,AGUA FRIA,NOVO,519,1.0
48,AGUA FRIA,PC do B,960,4.0
49,AGUA FRIA,PCO,2,0.0
50,AGUA FRIA,PL,3036,7.0
51,AGUA FRIA,PP,676,3.0
52,AGUA FRIA,PRD,467,2.0
53,AGUA FRIA,PSB,25272,58.0
54,AGUA FRIA,PSD,2022,5.0
55,AGUA FRIA,PSDB,33,0.0
56,AGUA FRIA,PSOL,672,2.0
57,AGUA FRIA,PSTU,8,0.0
58,AGUA FRIA,PT,913,4.0
59,AGUA FRIA,PV,2411,11.0
60,AGUA FRIA,REDE,184,1.0
61,AGUA FRIA,REPUBLICANOS,1089,5.0
62,AGUA FRIA,SOLIDARIEDADE,19,0.0
63,AGUA FRIA,UP,18,0.0
64,ALTO JOSE BONIFACIO,AVANTE,121,2.0
65,ALTO JOSE BONIFACIO,CIDADANIA,1,0.0
66,ALTO JOSE BONIFACIO,DC,34,1.0
67,ALTO JOSE BONIFACIO,MDB,317,5.0
68,ALTO JOSE BONIFACIO,MOBILIZA,19,1.0
69,ALTO JOSE BONIFACIO,NOVO,73,1.0
70,ALTO JOSE BONIFACIO,PC do B,125,2.0
71,ALTO JOSE BONIFACIO,PCO,1,0.0
72,ALTO JOSE BONIFACIO,PL,790,6.0
73,ALTO JOSE BONIFACIO,PP,189,3.0
74,ALTO JOSE BONIFACIO,PRD,479,8.0
75,ALTO JOSE BONIFACIO,PSB,8163,67.0
76,ALTO JOSE BONIFACIO,PSD,186,2.0
77,ALTO JOSE BONIFACIO,PSDB,8,1.0
78,ALTO JOSE BONIFACIO,PSOL,136,1.0
79,ALTO JOSE BONIFACIO,PSTU,1,0.0
80,ALTO JOSE BONIFACIO,PT,166,3.0
81,ALTO JOSE BONIFACIO,PV,276,4.0
82,ALTO JOSE BONIFACIO,REDE,30,1.0
83,ALTO JOSE BONIFACIO,REPUBLICANOS,313,5.0
84,ALTO JOSE BONIFACIO,SOLIDARIEDADE,5,0.0
85,ALTO JOSE BONIFACIO,UP,11,0.0
86,ALTO JOSE DO PINHO,AVANTE,171,2.0
87,ALTO JOSE DO PINHO,CIDADANIA,7,0.0
88,ALTO JOSE DO PINHO,DC,26,1.0
89,ALTO JOSE DO PINHO,MDB,403,5.0
90,ALTO JOSE DO PINHO,MOBILIZA,356,4.0
91,ALTO JOSE DO PINHO,NOVO,198,1.0
92,ALTO JOSE DO PINHO,PC do B,95,1.0
93,ALTO JOSE DO PINHO,PL,1241,8.0
94,ALTO JOSE DO PINHO,PP,195,2.0
95,ALTO JOSE DO PINHO,PRD,468,6.0
96,ALTO JOSE DO PINHO,PSB,9717,59.0
97,ALTO JOSE DO PINHO,PSD,369,2.0
98,ALTO JOSE DO PINHO,PSDB,10,0.0
99,ALTO JOSE DO PINHO,PSOL,228,1.0
100,ALTO JOSE DO PINHO,PSTU,2,0.0
101,ALTO JOSE DO PINHO,PT,331,4.0
102,ALTO JOSE DO PINHO,PV,826,10.0
103,ALTO JOSE DO PINHO,REDE,49,1.0
104,ALTO JOSE DO PINHO,REPUBLICANOS,538,7.0
105,ALTO JOSE DO PINHO,SOLIDARIEDADE,11,0.0
106,ALTO JOSE DO PINHO,UP,7,0.0
107,ALTO SANTA TEREZINHA,AVANTE,34,5.0
108,ALTO SANTA TEREZINHA,CIDADANIA,2,1.0
109,ALTO SANTA TEREZINHA,DC,3,0.0
110,ALTO SANTA TEREZINHA,MDB,24,3.0
111,ALTO SANTA TEREZINHA,MOBILIZA,10,1.0
112,ALTO SANTA TEREZINHA,NOVO,11,2.0
113,ALTO SANTA TEREZINHA,PC do B,15,2.0
114,ALTO SANTA TEREZINHA,PL,97,7.0
115,ALTO SANTA TEREZINHA,PP,25,4.0
116,ALTO SANTA TEREZINHA,PRD,54,8.0
117,ALTO SANTA TEREZINHA,PSB,894,62.0
118,ALTO SANTA TEREZINHA,PSD,37,3.0
119,ALTO SANTA TEREZINHA,PSDB,1,0.0
120,ALTO SANTA TEREZINHA,PSOL,18,1.0
121,ALTO SANTA TEREZINHA,PT,36,5.0
122,ALTO SANTA TEREZINHA,PV,62,9.0
123,ALTO SANTA TEREZINHA,REDE,2,0.0
124,ALTO SANTA TEREZINHA,REPUBLICANOS,37,5.0
125,ALTO SANTA TEREZINHA,UP,3,0.0
126,APIPUCOS,AVANTE,138,6.0
127,APIPUCOS,CIDADANIA,1,0.0
128,APIPUCOS,DC,12,1.0
129,APIPUCOS,MDB,99,5.0
130,APIPUCOS,MOBILIZA,11,1.0
131,APIPUCOS,NOVO,107,3.0
132,APIPUCOS,PC do B,37,2.0
133,APIPUCOS,PL,341,8.0
134,APIPUCOS,PP,68,3.0
135,APIPUCOS,PRD,141,7.0
136,APIPUCOS,PSB,2114,49.0
137,APIPUCOS,PSD,421,10.0
138,APIPUCOS,PSDB,5,1.0
139,APIPUCOS,PSOL,148,3.0
140,APIPUCOS,PSTU,1,0.0
141,APIPUCOS,PT,116,5.0
142,APIPUCOS,PV,111,5.0
143,APIPUCOS,REDE,17,1.0
144,APIPUCOS,REPUBLICANOS,54,3.0
145,APIPUCOS,SOLIDARIEDADE,2,0.0
146,APIPUCOS,UP,6,0.0
147,AREIAS,AVANTE,462,2.0
148,AREIAS,CIDADANIA,11,0.0
149,AREIAS,DC,432,2.0
150,AREIAS,MDB,2504,12.0
151,AREIAS,MOBILIZA,239,1.0
152,AREIAS,NOVO,1339,4.0
153,AREIAS,PC do B,855,4.0
154,AREIAS,PCO,3,0.0
155,AREIAS,PL,4945,12.0
156,AREIAS,PP,1040,5.0
157,AREIAS,PRD,299,1.0
158,AREIAS,PSB,22962,53.0
159,AREIAS,PSD,1191,3.0
160,AREIAS,PSDB,15,0.0
161,AREIAS,PSOL,852,2.0
162,AREIAS,PSTU,4,0.0
163,AREIAS,PT,1126,5.0
164,AREIAS,PV,587,3.0
165,AREIAS,REDE,155,1.0
166,AREIAS,REPUBLICANOS,582,3.0
167,AREIAS,SOLIDARIEDADE,9,0.0
168,AREIAS,UP,32,0.0
169,ARRUDA,AVANTE,801,4.0
170,ARRUDA,CIDADANIA,27,0.0
171,ARRUDA,DC,125,1.0
172,ARRUDA,MDB,1343,7.0
173,ARRUDA,MOBILIZA,109,1.0
174,ARRUDA,NOVO,861,2.0
175,ARRUDA,PC do B,651,3.0
176,ARRUDA,PCO,4,0.0
177,ARRUDA,PL,3835,9.0
178,ARRUDA,PP,596,3.0
179,ARRUDA,PRD,630,3.0
180,ARRUDA,PSB,21420,53.0
181,ARRUDA,PSD,2466,6.0
182,ARRUDA,PSDB,36,0.0
183,ARRUDA,PSOL,1056,3.0
184,ARRUDA,PSTU,17,0.0
185,ARRUDA,PT,1041,5.0
186,ARRUDA,PV,1384,7.0
187,ARRUDA,REDE,244,1.0
188,ARRUDA,REPUBLICANOS,997,5.0
189,ARRUDA,SOLIDARIEDADE,33,0.0
190,ARRUDA,UP,23,0.0
191,BARRO,AVANTE,150,2.0
192,BARRO,CIDADANIA,2,0.0
193,BARRO,DC,60,1.0
194,BARRO,MDB,333,5.0
195,BARRO,MOBILIZA,42,1.0
196,BARRO,NOVO,472,4.0
197,BARRO,PC do B,123,2.0
198,BARRO,PCO,2,0.0
199,BARRO,PL,1613,11.0
200,BARRO,PP,250,4.0
201,BARRO,PRD,43,1.0
202,BARRO,PSB,8793,62.0
203,BARRO,PSD,304,2.0
204,BARRO,PSDB,2,0.0
205,BARRO,PSOL,333,2.0
206,BARRO,PSTU,3,0.0
207,BARRO,PT,258,4.0
208,BARRO,PV,116,2.0
209,BARRO,REDE,37,1.0
210,BARRO,REPUBLICANOS,121,2.0
211,BARRO,SOLIDARIEDADE,6,0.0
212,BARRO,UP,8,0.0
213,BEBERIBE,AVANTE,552,3.0
214,BEBERIBE,CIDADANIA,5,0.0
215,BEBERIBE,DC,85,1.0
216,BEBERIBE,MDB,1156,6.0
217,BEBERIBE,MOBILIZA,83,1.0
218,BEBERIBE,NOVO,422,1.0
219,BEBERIBE,PC do B,365,2.0
220,BEBERIBE,PCO,2,0.0
221,BEBERIBE,PL,3099,8.0
222,BEBERIBE,PP,1442,8.0
223,BEBERIBE,PRD,424,2.0
224,BEBERIBE,PSB,22432,60.0
225,BEBERIBE,PSD,909,2.0
226,BEBERIBE,PSDB,24,0.0
227,BEBERIBE,PSOL,514,1.0
228,BEBERIBE,PSTU,8,0.0
229,BEBERIBE,PT,653,3.0
230,BEBERIBE,PV,752,4.0
231,BEBERIBE,REDE,311,2.0
232,BEBERIBE,REPUBLICANOS,1110,6.0
233,BEBERIBE,SOLIDARIEDADE,15,0.0
234,BEBERIBE,UP,15,0.0
235,BOA VIAGEM,AVANTE,870,1.0
236,BOA VIAGEM,CIDADANIA,55,0.0
237,BOA VIAGEM,DC,670,1.0
238,BOA VIAGEM,MDB,4648,7.0
239,BOA VIAGEM,MOBILIZA,273,1.0
240,BOA VIAGEM,NOVO,5979,5.0
241,BOA VIAGEM,PC do B,1232,2.0
242,BOA VIAGEM,PCO,32,0.0
243,BOA VIAGEM,PL,28750,23.0
244,BOA VIAGEM,PP,1702,3.0
245,BOA VIAGEM,PRD,509,1.0
246,BOA VIAGEM,PSB,44771,36.0
247,BOA VIAGEM,PSD,8237,6.0
248,BOA VIAGEM,PSDB,95,0.0
249,BOA VIAGEM,PSOL,5456,4.0
250,BOA VIAGEM,PSTU,95,0.0
251,BOA VIAGEM,PT,4888,8.0
252,BOA VIAGEM,PV,1191,2.0
253,BOA VIAGEM,REDE,1186,2.0
254,BOA VIAGEM,REPUBLICANOS,5237,8.0
255,BOA VIAGEM,SOLIDARIEDADE,112,1.0
256,BOA VIAGEM,UP,186,0.0
257,BOA VISTA,AVANTE,276,2.0
258,BOA VISTA,CIDADANIA,33,1.0
259,BOA VISTA,DC,110,1.0
260,BOA VISTA,MDB,825,6.0
261,BOA VISTA,MOBILIZA,141,1.0
262,BOA VISTA,NOVO,778,3.0
263,BOA VISTA,PC do B,515,4.0
264,BOA VISTA,PCO,6,0.0
265,BOA VISTA,PL,3650,13.0
266,BOA VISTA,PP,390,3.0
267,BOA VISTA,PRD,365,3.0
268,BOA VISTA,PSB,12903,45.0
269,BOA VISTA,PSD,1151,4.0
270,BOA VISTA,PSDB,30,1.0
271,BOA VISTA,PSOL,2228,8.0
272,BOA VISTA,PSTU,50,0.0
273,BOA VISTA,PT,1628,11.0
274,BOA VISTA,PV,710,5.0
275,BOA VISTA,REDE,184,1.0
276,BOA VISTA,REPUBLICANOS,525,4.0
277,BOA VISTA,SOLIDARIEDADE,45,1.0
278,BOA VISTA,UP,86,1.0
279,BOMBA DO HEMETERIO,AVANTE,353,5.0
280,BOMBA DO HEMETERIO,CIDADANIA,19,0.0
281,BOMBA DO HEMETERIO,DC,21,1.0
282,BOMBA DO HEMETERIO,MDB,388,6.0
283,BOMBA DO HEMETERIO,MOBILIZA,46,1.0
284,BOMBA DO HEMETERIO,NOVO,115,1.0
285,BOMBA DO HEMETERIO,PC do B,126,2.0
286,BOMBA DO HEMETERIO,PCO,1,0.0
287,BOMBA DO HEMETERIO,PL,899,7.0
288,BOMBA DO HEMETERIO,PP,180,3.0
289,BOMBA DO HEMETERIO,PRD,324,5.0
290,BOMBA DO HEMETERIO,PSB,8106,59.0
291,BOMBA DO HEMETERIO,PSD,488,4.0
292,BOMBA DO HEMETERIO,PSDB,11,0.0
293,BOMBA DO HEMETERIO,PSOL,243,2.0
294,BOMBA DO HEMETERIO,PSTU,1,0.0
295,BOMBA DO HEMETERIO,PT,344,5.0
296,BOMBA DO HEMETERIO,PV,619,9.0
297,BOMBA DO HEMETERIO,REDE,41,1.0
298,BOMBA DO HEMETERIO,REPUBLICANOS,420,6.0
299,BOMBA DO HEMETERIO,SOLIDARIEDADE,4,0.0
300,BOMBA DO HEMETERIO,UP,11,0.0
301,BONGI,AVANTE,51,2.0
302,BONGI,CIDADANIA,3,0.0
303,BONGI,DC,51,2.0
304,BONGI,MDB,232,8.0
305,BONGI,MOBILIZA,17,1.0
306,BONGI,NOVO,133,3.0
307,BONGI,PC do B,50,2.0
308,BONGI,PCO,1,0.0
309,BONGI,PL,645,11.0
310,BONGI,PP,96,3.0
311,BONGI,PRD,76,3.0
312,BONGI,PSB,2886,52.0
313,BONGI,PSD,350,6.0
314,BONGI,PSDB,10,1.0
315,BONGI,PSOL,153,3.0
316,BONGI,PSTU,5,0.0
317,BONGI,PT,189,7.0
318,BONGI,PV,48,2.0
319,BONGI,REDE,42,2.0
320,BONGI,REPUBLICANOS,78,3.0
321,BONGI,SOLIDARIEDADE,31,1.0
322,BONGI,UP,2,0.0
323,BRASILIA TEIMOSA,AVANTE,429,5.0
324,BRASILIA TEIMOSA,CIDADANIA,5,0.0
325,BRASILIA TEIMOSA,DC,41,1.0
326,BRASILIA TEIMOSA,MDB,1547,17.0
327,BRASILIA TEIMOSA,MOBILIZA,31,1.0
328,BRASILIA TEIMOSA,NOVO,395,2.0
329,BRASILIA TEIMOSA,PC do B,80,1.0
330,BRASILIA TEIMOSA,PL,2149,12.0
331,BRASILIA TEIMOSA,PP,281,3.0
332,BRASILIA TEIMOSA,PRD,184,2.0
333,BRASILIA TEIMOSA,PSB,9480,51.0
334,BRASILIA TEIMOSA,PSD,699,4.0
335,BRASILIA TEIMOSA,PSDB,9,0.0
336,BRASILIA TEIMOSA,PSOL,284,2.0
337,BRASILIA TEIMOSA,PSTU,18,0.0
338,BRASILIA TEIMOSA,PT,864,9.0
339,BRASILIA TEIMOSA,PV,152,2.0
340,BRASILIA TEIMOSA,REDE,79,1.0
341,BRASILIA TEIMOSA,REPUBLICANOS,439,5.0
342,BRASILIA TEIMOSA,SOLIDARIEDADE,10,0.0
343,BRASILIA TEIMOSA,UP,18,0.0
344,BREJO DA GUABIRABA,AVANTE,54,1.0
345,BREJO DA GUABIRABA,CIDADANIA,4,0.0
346,BREJO DA GUABIRABA,DC,20,1.0
347,BREJO DA GUABIRABA,MDB,354,6.0
348,BREJO DA GUABIRABA,MOBILIZA,22,0.0
349,BREJO DA GUABIRABA,NOVO,69,1.0
350,BREJO DA GUABIRABA,PC do B,31,1.0
351,BREJO DA GUABIRABA,PL,850,6.0
352,BREJO DA GUABIRABA,PP,733,11.0
353,BREJO DA GUABIRABA,PRD,79,1.0
354,BREJO DA GUABIRABA,PSB,8988,70.0
355,BREJO DA GUABIRABA,PSD,195,1.0
356,BREJO DA GUABIRABA,PSDB,7,0.0
357,BREJO DA GUABIRABA,PSOL,180,1.0
358,BREJO DA GUABIRABA,PSTU,1,0.0
359,BREJO DA GUABIRABA,PT,111,2.0
360,BREJO DA GUABIRABA,PV,72,1.0
361,BREJO DA GUABIRABA,REDE,33,1.0
362,BREJO DA GUABIRABA,REPUBLICANOS,308,5.0
363,BREJO DA GUABIRABA,UP,4,0.0
364,BREJO DE BEBERIBE,AVANTE,27,1.0
365,BREJO DE BEBERIBE,DC,11,0.0
366,BREJO DE BEBERIBE,MDB,206,8.0
367,BREJO DE BEBERIBE,MOBILIZA,18,1.0
368,BREJO DE BEBERIBE,NOVO,40,1.0
369,BREJO DE BEBERIBE,PC do B,41,2.0
370,BREJO DE BEBERIBE,PCO,1,0.0
371,BREJO DE BEBERIBE,PL,364,7.0
372,BREJO DE BEBERIBE,PP,317,12.0
373,BREJO DE BEBERIBE,PRD,81,3.0
374,BREJO DE BEBERIBE,PSB,3308,63.0
375,BREJO DE BEBERIBE,PSD,80,2.0
376,BREJO DE BEBERIBE,PSDB,6,0.0
377,BREJO DE BEBERIBE,PSOL,47,1.0
378,BREJO DE BEBERIBE,PT,54,2.0
379,BREJO DE BEBERIBE,PV,80,3.0
380,BREJO DE BEBERIBE,REDE,8,1.0
381,BREJO DE BEBERIBE,REPUBLICANOS,142,5.0
382,BREJO DE BEBERIBE,SOLIDARIEDADE,2,0.0
383,BREJO DE BEBERIBE,UP,9,0.0
384,CABANGA,AVANTE,62,4.0
385,CABANGA,CIDADANIA,1,0.0
386,CABANGA,DC,8,1.0
387,CABANGA,MDB,118,8.0
388,CABANGA,MOBILIZA,20,2.0
389,CABANGA,NOVO,44,2.0
390,CABANGA,PC do B,25,2.0
391,CABANGA,PL,282,9.0
392,CABANGA,PP,35,2.0
393,CABANGA,PRD,34,2.0
394,CABANGA,PSB,1696,57.0
395,CABANGA,PSD,82,3.0
396,CABANGA,PSDB,3,1.0
397,CABANGA,PSOL,61,2.0
398,CABANGA,PT,111,7.0
399,CABANGA,PV,20,1.0
400,CABANGA,REDE,36,2.0
401,CABANGA,REPUBLICANOS,133,9.0
402,CAJUEIRO,AVANTE,162,2.0
403,CAJUEIRO,CIDADANIA,3,0.0
404,CAJUEIRO,DC,50,1.0
405,CAJUEIRO,MDB,352,5.0
406,CAJUEIRO,MOBILIZA,44,1.0
407,CAJUEIRO,NOVO,455,4.0
408,CAJUEIRO,PC do B,138,2.0
409,CAJUEIRO,PCO,6,0.0
410,CAJUEIRO,PL,1406,11.0
411,CAJUEIRO,PP,355,5.0
412,CAJUEIRO,PRD,238,4.0
413,CAJUEIRO,PSB,6709,51.0
414,CAJUEIRO,PSD,667,5.0
415,CAJUEIRO,PSDB,16,0.0
416,CAJUEIRO,PSOL,324,2.0
417,CAJUEIRO,PSTU,4,1.0
418,CAJUEIRO,PT,323,5.0
419,CAJUEIRO,PV,309,5.0
420,CAJUEIRO,REDE,252,4.0
421,CAJUEIRO,REPUBLICANOS,303,5.0
422,CAJUEIRO,SOLIDARIEDADE,2,0.0
423,CAJUEIRO,UP,17,1.0
424,CAMPINA DO BARRETO,AVANTE,200,3.0
425,CAMPINA DO BARRETO,CIDADANIA,5,0.0
426,CAMPINA DO BARRETO,DC,34,1.0
427,CAMPINA DO BARRETO,MDB,284,5.0
428,CAMPINA DO BARRETO,MOBILIZA,36,1.0
429,CAMPINA DO BARRETO,NOVO,204,2.0
430,CAMPINA DO BARRETO,PC do B,166,3.0
431,CAMPINA DO BARRETO,PCO,1,0.0
432,CAMPINA DO BARRETO,PL,909,8.0
433,CAMPINA DO BARRETO,PP,244,4.0
434,CAMPINA DO BARRETO,PRD,219,4.0
435,CAMPINA DO BARRETO,PSB,6736,57.0
436,CAMPINA DO BARRETO,PSD,542,5.0
437,CAMPINA DO BARRETO,PSDB,10,0.0
438,CAMPINA DO BARRETO,PSOL,182,2.0
439,CAMPINA DO BARRETO,PSTU,2,0.0
440,CAMPINA DO BARRETO,PT,291,5.0
441,CAMPINA DO BARRETO,PV,507,9.0
442,CAMPINA DO BARRETO,REDE,73,1.0
443,CAMPINA DO BARRETO,REPUBLICANOS,261,4.0
444,CAMPINA DO BARRETO,SOLIDARIEDADE,7,0.0
445,CAMPINA DO BARRETO,UP,8,0.0
446,CAMPO GRANDE,AVANTE,600,3.0
447,CAMPO GRANDE,CIDADANIA,9,0.0
448,CAMPO GRANDE,DC,97,1.0
449,CAMPO GRANDE,MDB,1142,7.0
450,CAMPO GRANDE,MOBILIZA,96,1.0
451,CAMPO GRANDE,NOVO,647,2.0
452,CAMPO GRANDE,PC do B,599,3.0
453,CAMPO GRANDE,PL,2995,9.0
454,CAMPO GRANDE,PP,460,3.0
455,CAMPO GRANDE,PRD,1069,6.0
456,CAMPO GRANDE,PSB,19723,57.0
457,CAMPO GRANDE,PSD,956,3.0
458,CAMPO GRANDE,PSDB,143,1.0
459,CAMPO GRANDE,PSOL,989,3.0
460,CAMPO GRANDE,PSTU,4,0.0
461,CAMPO GRANDE,PT,1119,6.0
462,CAMPO GRANDE,PV,502,3.0
463,CAMPO GRANDE,REDE,176,1.0
464,CAMPO GRANDE,REPUBLICANOS,627,4.0
465,CAMPO GRANDE,SOLIDARIEDADE,20,0.0
466,CAMPO GRANDE,UP,27,0.0
467,CASA AMARELA,AVANTE,945,2.0
468,CASA AMARELA,CIDADANIA,34,0.0
469,CASA AMARELA,DC,175,1.0
470,CASA AMARELA,MDB,2794,6.0
471,CASA AMARELA,MOBILIZA,420,1.0
472,CASA AMARELA,NOVO,1942,2.0
473,CASA AMARELA,PC do B,911,2.0
474,CASA AMARELA,PCO,12,0.0
475,CASA AMARELA,PL,9720,11.0
476,CASA AMARELA,PP,1933,4.0
477,CASA AMARELA,PRD,1816,4.0
478,CASA AMARELA,PSB,44668,52.0
479,CASA AMARELA,PSD,3292,4.0
480,CASA AMARELA,PSDB,147,1.0
481,CASA AMARELA,PSOL,3293,4.0
482,CASA AMARELA,PSTU,26,0.0
483,CASA AMARELA,PT,2693,6.0
484,CASA AMARELA,PV,2633,6.0
485,CASA AMARELA,REDE,445,1.0
486,CASA AMARELA,REPUBLICANOS,2143,5.0
487,CASA AMARELA,SOLIDARIEDADE,52,0.0
488,CASA AMARELA,UP,81,0.0
489,CASA FORTE,AVANTE,143,1.0
490,CASA FORTE,CIDADANIA,6,0.0
491,CASA FORTE,DC,40,1.0
492,CASA FORTE,MDB,884,9.0
493,CASA FORTE,MOBILIZA,41,1.0
494,CASA FORTE,NOVO,1055,5.0
495,CASA FORTE,PC do B,440,4.0
496,CASA FORTE,PCO,4,0.0
497,CASA FORTE,PL,3473,17.0
498,CASA FORTE,PP,174,2.0
499,CASA FORTE,PRD,194,2.0
500,CASA FORTE,PSB,8033,40.0
501,CASA FORTE,PSD,1126,6.0
502,CASA FORTE,PSDB,11,0.0
503,CASA FORTE,PSOL,1817,9.0
504,CASA FORTE,PSTU,14,0.0
505,CASA FORTE,PT,1005,10.0
506,CASA FORTE,PV,297,3.0
507,CASA FORTE,REDE,76,1.0
508,CASA FORTE,REPUBLICANOS,290,3.0
509,CASA FORTE,SOLIDARIEDADE,10,0.0
510,CASA FORTE,UP,26,0.0
511,CIDADE UNIVERSITARIA,AVANTE,179,2.0
512,CIDADE UNIVERSITARIA,CIDADANIA,17,0.0
513,CIDADE UNIVERSITARIA,DC,75,1.0
514,CIDADE UNIVERSITARIA,MDB,497,5.0
515,CIDADE UNIVERSITARIA,MOBILIZA,47,1.0
516,CIDADE UNIVERSITARIA,NOVO,564,3.0
517,CIDADE UNIVERSITARIA,PC do B,258,2.0
518,CIDADE UNIVERSITARIA,PCO,5,0.0
519,CIDADE UNIVERSITARIA,PL,2141,10.0
520,CIDADE UNIVERSITARIA,PP,246,2.0
521,CIDADE UNIVERSITARIA,PRD,140,1.0
522,CIDADE UNIVERSITARIA,PSB,9959,46.0
523,CIDADE UNIVERSITARIA,PSD,1877,9.0
524,CIDADE UNIVERSITARIA,PSDB,13,0.0
525,CIDADE UNIVERSITARIA,PSOL,2023,9.0
526,CIDADE UNIVERSITARIA,PSTU,24,0.0
527,CIDADE UNIVERSITARIA,PT,1201,11.0
528,CIDADE UNIVERSITARIA,PV,179,2.0
529,CIDADE UNIVERSITARIA,REDE,163,1.0
530,CIDADE UNIVERSITARIA,REPUBLICANOS,373,3.0
531,CIDADE UNIVERSITARIA,SOLIDARIEDADE,27,0.0
532,CIDADE UNIVERSITARIA,UP,65,1.0
533,COHAB,AVANTE,221,2.0
534,COHAB,CIDADANIA,7,0.0
535,COHAB,DC,271,2.0
536,COHAB,MDB,1036,9.0
537,COHAB,MOBILIZA,73,1.0
538,COHAB,NOVO,362,2.0
539,COHAB,PC do B,102,1.0
540,COHAB,PCO,1,0.0
541,COHAB,PL,2034,9.0
542,COHAB,PP,411,4.0
543,COHAB,PRD,106,1.0
544,COHAB,PSB,12642,58.0
545,COHAB,PSD,563,3.0
546,COHAB,PSDB,22,1.0
547,COHAB,PSOL,223,1.0
548,COHAB,PSTU,3,0.0
549,COHAB,PT,592,5.0
550,COHAB,PV,310,3.0
551,COHAB,REDE,208,2.0
552,COHAB,REPUBLICANOS,613,6.0
553,COHAB,SOLIDARIEDADE,18,0.0
554,COHAB,UP,11,0.0
555,CORDEIRO,AVANTE,1069,4.0
556,CORDEIRO,CIDADANIA,58,0.0
557,CORDEIRO,DC,326,1.0
558,CORDEIRO,MDB,1215,5.0
559,CORDEIRO,MOBILIZA,198,1.0
560,CORDEIRO,NOVO,1705,3.0
561,CORDEIRO,PC do B,388,1.0
562,CORDEIRO,PCO,2,0.0
563,CORDEIRO,PL,5321,10.0
564,CORDEIRO,PP,857,3.0
565,CORDEIRO,PRD,409,2.0
566,CORDEIRO,PSB,29692,55.0
567,CORDEIRO,PSD,2142,4.0
568,CORDEIRO,PSDB,31,0.0
569,CORDEIRO,PSOL,1841,3.0
570,CORDEIRO,PSTU,27,0.0
571,CORDEIRO,PT,2785,10.0
572,CORDEIRO,PV,386,1.0
573,CORDEIRO,REDE,282,1.0
574,CORDEIRO,REPUBLICANOS,827,3.0
575,CORDEIRO,SOLIDARIEDADE,61,0.0
576,CORDEIRO,UP,108,1.0
577,CORREGO DO JENIPAPO,MDB,2,4.0
578,CORREGO DO JENIPAPO,NOVO,1,2.0
579,CORREGO DO JENIPAPO,PC do B,2,4.0
580,CORREGO DO JENIPAPO,PL,5,4.0
581,CORREGO DO JENIPAPO,PP,5,9.0
582,CORREGO DO JENIPAPO,PSB,83,74.0
583,CORREGO DO JENIPAPO,PSD,2,4.0
584,CORREGO DO JENIPAPO,PSOL,2,4.0
585,CORREGO DO JENIPAPO,PT,1,2.0
586,CORREGO DO JENIPAPO,REDE,2,4.0
587,CORREGO DO JENIPAPO,REPUBLICANOS,1,2.0
588,DERBY,AVANTE,14,1.0
589,DERBY,CIDADANIA,6,1.0
590,DERBY,DC,10,1.0
591,DERBY,MDB,145,10.0
592,DERBY,MOBILIZA,8,1.0
593,DERBY,NOVO,163,5.0
594,DERBY,PC do B,61,4.0
595,DERBY,PL,577,19.0
596,DERBY,PP,26,2.0
597,DERBY,PRD,19,2.0
598,DERBY,PSB,1126,37.0
599,DERBY,PSD,153,5.0
600,DERBY,PSDB,2,0.0
601,DERBY,PSOL,252,8.0
602,DERBY,PSTU,4,0.0
603,DERBY,PT,154,10.0
604,DERBY,PV,23,2.0
605,DERBY,REDE,14,1.0
606,DERBY,REPUBLICANOS,58,4.0
607,DERBY,SOLIDARIEDADE,15,1.0
608,DERBY,UP,16,1.0
609,DOIS IRMAOS,AVANTE,877,16.0
610,DOIS IRMAOS,CIDADANIA,3,0.0
611,DOIS IRMAOS,DC,14,0.0
612,DOIS IRMAOS,MDB,172,3.0
613,DOIS IRMAOS,MOBILIZA,16,0.0
614,DOIS IRMAOS,NOVO,95,1.0
615,DOIS IRMAOS,PC do B,61,1.0
616,DOIS IRMAOS,PCO,1,0.0
617,DOIS IRMAOS,PL,709,7.0
618,DOIS IRMAOS,PP,166,3.0
619,DOIS IRMAOS,PRD,755,14.0
620,DOIS IRMAOS,PSB,5545,51.0
621,DOIS IRMAOS,PSD,581,5.0
622,DOIS IRMAOS,PSDB,6,0.0
623,DOIS IRMAOS,PSOL,304,3.0
624,DOIS IRMAOS,PSTU,2,0.0
625,DOIS IRMAOS,PT,237,4.0
626,DOIS IRMAOS,PV,165,3.0
627,DOIS IRMAOS,REDE,40,1.0
628,DOIS IRMAOS,REPUBLICANOS,147,3.0
629,DOIS IRMAOS,SOLIDARIEDADE,4,0.0
630,DOIS IRMAOS,UP,9,0.0
631,DOIS UNIDOS,AVANTE,169,2.0
632,DOIS UNIDOS,CIDADANIA,3,0.0
633,DOIS UNIDOS,DC,53,1.0
634,DOIS UNIDOS,MDB,845,9.0
635,DOIS UNIDOS,MOBILIZA,42,1.0
636,DOIS UNIDOS,NOVO,160,1.0
637,DOIS UNIDOS,PC do B,164,2.0
638,DOIS UNIDOS,PCO,2,0.0
639,DOIS UNIDOS,PL,1568,8.0
640,DOIS UNIDOS,PP,1541,16.0
641,DOIS UNIDOS,PRD,206,2.0
642,DOIS UNIDOS,PSB,10889,58.0
643,DOIS UNIDOS,PSD,414,2.0
644,DOIS UNIDOS,PSDB,7,0.0
645,DOIS UNIDOS,PSOL,196,1.0
646,DOIS UNIDOS,PSTU,3,0.0
647,DOIS UNIDOS,PT,231,2.0
648,DOIS UNIDOS,PV,270,3.0
649,DOIS UNIDOS,REDE,80,1.0
650,DOIS UNIDOS,REPUBLICANOS,428,5.0
651,DOIS UNIDOS,SOLIDARIEDADE,7,0.0
652,DOIS UNIDOS,UP,8,0.0
653,ENCRUZILHADA,AVANTE,181,3.0
654,ENCRUZILHADA,CIDADANIA,5,0.0
655,ENCRUZILHADA,DC,92,1.0
656,ENCRUZILHADA,MDB,497,7.0
657,ENCRUZILHADA,MOBILIZA,54,1.0
658,ENCRUZILHADA,NOVO,554,4.0
659,ENCRUZILHADA,PC do B,249,4.0
660,ENCRUZILHADA,PCO,3,0.0
661,ENCRUZILHADA,PL,2306,16.0
662,ENCRUZILHADA,PP,176,3.0
663,ENCRUZILHADA,PRD,141,2.0
664,ENCRUZILHADA,PSB,5880,41.0
665,ENCRUZILHADA,PSD,639,5.0
666,ENCRUZILHADA,PSDB,22,1.0
667,ENCRUZILHADA,PSOL,983,7.0
668,ENCRUZILHADA,PSTU,14,0.0
669,ENCRUZILHADA,PT,739,10.0
670,ENCRUZILHADA,PV,205,3.0
671,ENCRUZILHADA,REDE,70,1.0
672,ENCRUZILHADA,REPUBLICANOS,294,4.0
673,ENCRUZILHADA,SOLIDARIEDADE,16,0.0
674,ENCRUZILHADA,UP,28,1.0
675,ENGENHO DO MEIO,AVANTE,813,5.0
676,ENGENHO DO MEIO,CIDADANIA,32,0.0
677,ENGENHO DO MEIO,DC,756,4.0
678,ENGENHO DO MEIO,MDB,646,4.0
679,ENGENHO DO MEIO,MOBILIZA,108,1.0
680,ENGENHO DO MEIO,NOVO,1026,3.0
681,ENGENHO DO MEIO,PC do B,232,1.0
682,ENGENHO DO MEIO,PCO,6,0.0
683,ENGENHO DO MEIO,PL,3083,9.0
684,ENGENHO DO MEIO,PP,659,4.0
685,ENGENHO DO MEIO,PRD,489,3.0
686,ENGENHO DO MEIO,PSB,17831,51.0
687,ENGENHO DO MEIO,PSD,1684,5.0
688,ENGENHO DO MEIO,PSDB,17,0.0
689,ENGENHO DO MEIO,PSOL,1147,3.0
690,ENGENHO DO MEIO,PSTU,12,0.0
691,ENGENHO DO MEIO,PT,1903,11.0
692,ENGENHO DO MEIO,PV,272,2.0
693,ENGENHO DO MEIO,REDE,376,2.0
694,ENGENHO DO MEIO,REPUBLICANOS,596,3.0
695,ENGENHO DO MEIO,SOLIDARIEDADE,24,0.0
696,ENGENHO DO MEIO,UP,51,0.0
697,ESPINHEIRO,AVANTE,160,3.0
698,ESPINHEIRO,CIDADANIA,5,0.0
699,ESPINHEIRO,DC,35,1.0
700,ESPINHEIRO,MDB,468,8.0
701,ESPINHEIRO,MOBILIZA,36,1.0
702,ESPINHEIRO,NOVO,465,4.0
703,ESPINHEIRO,PC do B,206,4.0
704,ESPINHEIRO,PCO,3,0.0
705,ESPINHEIRO,PL,1777,16.0
706,ESPINHEIRO,PP,110,2.0
707,ESPINHEIRO,PRD,124,2.0
708,ESPINHEIRO,PSB,4467,40.0
709,ESPINHEIRO,PSD,532,5.0
710,ESPINHEIRO,PSDB,9,1.0
711,ESPINHEIRO,PSOL,871,8.0
712,ESPINHEIRO,PSTU,6,0.0
713,ESPINHEIRO,PT,596,11.0
714,ESPINHEIRO,PV,165,3.0
715,ESPINHEIRO,REDE,71,1.0
716,ESPINHEIRO,REPUBLICANOS,184,3.0
717,ESPINHEIRO,SOLIDARIEDADE,13,0.0
718,ESPINHEIRO,UP,30,1.0
719,ESTANCIA,AVANTE,301,2.0
720,ESTANCIA,CIDADANIA,3,0.0
721,ESTANCIA,DC,521,3.0
722,ESTANCIA,MDB,834,5.0
723,ESTANCIA,MOBILIZA,195,1.0
724,ESTANCIA,NOVO,823,3.0
725,ESTANCIA,PC do B,252,1.0
726,ESTANCIA,PCO,1,0.0
727,ESTANCIA,PL,3585,11.0
728,ESTANCIA,PP,639,4.0
729,ESTANCIA,PRD,306,2.0
730,ESTANCIA,PSB,20456,60.0
731,ESTANCIA,PSD,866,3.0
732,ESTANCIA,PSDB,15,0.0
733,ESTANCIA,PSOL,859,3.0
734,ESTANCIA,PSTU,25,0.0
735,ESTANCIA,PT,809,5.0
736,ESTANCIA,PV,282,2.0
737,ESTANCIA,REDE,104,1.0
738,ESTANCIA,REPUBLICANOS,377,2.0
739,ESTANCIA,SOLIDARIEDADE,24,0.0
740,ESTANCIA,UP,27,0.0
741,FUNDAO,AVANTE,299,4.0
742,FUNDAO,CIDADANIA,4,0.0
743,FUNDAO,DC,55,1.0
744,FUNDAO,MDB,485,6.0
745,FUNDAO,MOBILIZA,41,1.0
746,FUNDAO,NOVO,307,2.0
747,FUNDAO,PC do B,227,3.0
748,FUNDAO,PCO,2,0.0
749,FUNDAO,PL,1558,9.0
750,FUNDAO,PP,345,4.0
751,FUNDAO,PRD,235,3.0
752,FUNDAO,PSB,9029,55.0
753,FUNDAO,PSD,776,5.0
754,FUNDAO,PSDB,16,0.0
755,FUNDAO,PSOL,312,2.0
756,FUNDAO,PSTU,14,0.0
757,FUNDAO,PT,410,5.0
758,FUNDAO,PV,529,6.0
759,FUNDAO,REDE,201,2.0
760,FUNDAO,REPUBLICANOS,469,6.0
761,FUNDAO,SOLIDARIEDADE,7,0.0
762,FUNDAO,UP,23,0.0
763,GRACAS,AVANTE,327,2.0
764,GRACAS,CIDADANIA,9,0.0
765,GRACAS,DC,129,1.0
766,GRACAS,MDB,1997,9.0
767,GRACAS,MOBILIZA,78,1.0
768,GRACAS,NOVO,2553,6.0
769,GRACAS,PC do B,904,4.0
770,GRACAS,PCO,9,0.0
771,GRACAS,PL,8671,20.0
772,GRACAS,PP,385,2.0
773,GRACAS,PRD,346,2.0
774,GRACAS,PSB,15366,35.0
775,GRACAS,PSD,2459,6.0
776,GRACAS,PSDB,17,0.0
777,GRACAS,PSOL,3937,9.0
778,GRACAS,PSTU,41,0.0
779,GRACAS,PT,2271,11.0
780,GRACAS,PV,497,2.0
781,GRACAS,REDE,220,1.0
782,GRACAS,REPUBLICANOS,562,3.0
783,GRACAS,SOLIDARIEDADE,44,0.0
784,GRACAS,UP,87,0.0
785,GUABIRABA,AVANTE,43,1.0
786,GUABIRABA,CIDADANIA,4,0.0
787,GUABIRABA,DC,7,0.0
788,GUABIRABA,MDB,834,19.0
789,GUABIRABA,MOBILIZA,17,1.0
790,GUABIRABA,NOVO,51,1.0
791,GUABIRABA,PC do B,37,1.0
792,GUABIRABA,PCO,1,0.0
793,GUABIRABA,PL,708,8.0
794,GUABIRABA,PP,542,11.0
795,GUABIRABA,PRD,62,1.0
796,GUABIRABA,PSB,5958,62.0
797,GUABIRABA,PSD,144,2.0
798,GUABIRABA,PSDB,4,0.0
799,GUABIRABA,PSOL,118,1.0
800,GUABIRABA,PSTU,5,0.0
801,GUABIRABA,PT,95,2.0
802,GUABIRABA,PV,71,2.0
803,GUABIRABA,REDE,13,0.0
804,GUABIRABA,REPUBLICANOS,198,4.0
805,GUABIRABA,SOLIDARIEDADE,1,0.0
806,GUABIRABA,UP,2,0.0
807,HIPODROMO,AVANTE,163,3.0
808,HIPODROMO,CIDADANIA,6,0.0
809,HIPODROMO,DC,36,1.0
810,HIPODROMO,MDB,296,6.0
811,HIPODROMO,MOBILIZA,16,1.0
812,HIPODROMO,NOVO,209,2.0
813,HIPODROMO,PC do B,157,3.0
814,HIPODROMO,PL,1141,11.0
815,HIPODROMO,PP,127,3.0
816,HIPODROMO,PRD,214,4.0
817,HIPODROMO,PSB,5266,52.0
818,HIPODROMO,PSD,359,4.0
819,HIPODROMO,PSDB,20,1.0
820,HIPODROMO,PSOL,440,4.0
821,HIPODROMO,PSTU,2,0.0
822,HIPODROMO,PT,368,7.0
823,HIPODROMO,PV,157,3.0
824,HIPODROMO,REDE,41,1.0
825,HIPODROMO,REPUBLICANOS,172,3.0
826,HIPODROMO,SOLIDARIEDADE,10,0.0
827,HIPODROMO,UP,13,0.0
828,IBURA,AVANTE,1368,2.0
829,IBURA,CIDADANIA,73,0.0
830,IBURA,DC,5453,8.0
831,IBURA,MDB,6157,9.0
832,IBURA,MOBILIZA,316,1.0
833,IBURA,NOVO,2971,3.0
834,IBURA,PC do B,676,1.0
835,IBURA,PCO,3,0.0
836,IBURA,PL,12908,10.0
837,IBURA,PP,2725,4.0
838,IBURA,PRD,537,1.0
839,IBURA,PSB,73671,55.0
840,IBURA,PSD,3532,3.0
841,IBURA,PSDB,116,1.0
842,IBURA,PSOL,1511,1.0
843,IBURA,PSTU,46,0.0
844,IBURA,PT,3686,5.0
845,IBURA,PV,1972,3.0
846,IBURA,REDE,995,2.0
847,IBURA,REPUBLICANOS,4645,7.0
848,IBURA,SOLIDARIEDADE,57,0.0
849,IBURA,UP,47,0.0
850,ILHA DO LEITE,AVANTE,43,1.0
851,ILHA DO LEITE,CIDADANIA,6,0.0
852,ILHA DO LEITE,DC,26,1.0
853,ILHA DO LEITE,MDB,179,5.0
854,ILHA DO LEITE,MOBILIZA,76,2.0
855,ILHA DO LEITE,NOVO,54,1.0
856,ILHA DO LEITE,PC do B,35,1.0
857,ILHA DO LEITE,PL,464,7.0
858,ILHA DO LEITE,PP,91,3.0
859,ILHA DO LEITE,PRD,63,2.0
860,ILHA DO LEITE,PSB,4004,62.0
861,ILHA DO LEITE,PSD,172,3.0
862,ILHA DO LEITE,PSDB,3,1.0
863,ILHA DO LEITE,PSOL,109,2.0
864,ILHA DO LEITE,PSTU,1,0.0
865,ILHA DO LEITE,PT,130,4.0
866,ILHA DO LEITE,PV,265,9.0
867,ILHA DO LEITE,REDE,62,2.0
868,ILHA DO LEITE,REPUBLICANOS,194,6.0
869,ILHA DO LEITE,SOLIDARIEDADE,3,0.0
870,ILHA DO LEITE,UP,1,0.0
871,ILHA DO RETIRO,AVANTE,17,2.0
872,ILHA DO RETIRO,CIDADANIA,5,1.0
873,ILHA DO RETIRO,DC,8,1.0
874,ILHA DO RETIRO,MDB,148,15.0
875,ILHA DO RETIRO,MOBILIZA,4,0.0
876,ILHA DO RETIRO,NOVO,35,2.0
877,ILHA DO RETIRO,PC do B,14,1.0
878,ILHA DO RETIRO,PL,207,10.0
879,ILHA DO RETIRO,PP,30,3.0
880,ILHA DO RETIRO,PRD,12,1.0
881,ILHA DO RETIRO,PSB,1062,55.0
882,ILHA DO RETIRO,PSD,119,6.0
883,ILHA DO RETIRO,PSDB,1,0.0
884,ILHA DO RETIRO,PSOL,41,2.0
885,ILHA DO RETIRO,PSTU,1,1.0
886,ILHA DO RETIRO,PT,71,7.0
887,ILHA DO RETIRO,PV,20,2.0
888,ILHA DO RETIRO,REDE,25,2.0
889,ILHA DO RETIRO,REPUBLICANOS,30,3.0
890,ILHA DO RETIRO,SOLIDARIEDADE,1,0.0
891,ILHA JOANA BEZERRA,AVANTE,40,2.0
892,ILHA JOANA BEZERRA,DC,7,0.0
893,ILHA JOANA BEZERRA,MDB,144,8.0
894,ILHA JOANA BEZERRA,MOBILIZA,15,1.0
895,ILHA JOANA BEZERRA,NOVO,22,1.0
896,ILHA JOANA BEZERRA,PC do B,13,1.0
897,ILHA JOANA BEZERRA,PL,226,6.0
898,ILHA JOANA BEZERRA,PP,37,2.0
899,ILHA JOANA BEZERRA,PRD,27,2.0
900,ILHA JOANA BEZERRA,PSB,2272,65.0
901,ILHA JOANA BEZERRA,PSD,99,3.0
902,ILHA JOANA BEZERRA,PSOL,61,2.0
903,ILHA JOANA BEZERRA,PSTU,1,0.0
904,ILHA JOANA BEZERRA,PT,102,6.0
905,ILHA JOANA BEZERRA,PV,44,3.0
906,ILHA JOANA BEZERRA,REDE,21,1.0
907,ILHA JOANA BEZERRA,REPUBLICANOS,108,6.0
908,ILHA JOANA BEZERRA,SOLIDARIEDADE,1,0.0
909,ILHA JOANA BEZERRA,UP,2,0.0
910,IMBIRIBEIRA,AVANTE,576,1.0
911,IMBIRIBEIRA,CIDADANIA,23,0.0
912,IMBIRIBEIRA,DC,732,2.0
913,IMBIRIBEIRA,MDB,6417,17.0
914,IMBIRIBEIRA,MOBILIZA,237,1.0
915,IMBIRIBEIRA,NOVO,3591,5.0
916,IMBIRIBEIRA,PC do B,601,2.0
917,IMBIRIBEIRA,PCO,10,0.0
918,IMBIRIBEIRA,PL,12104,15.0
919,IMBIRIBEIRA,PP,1294,3.0
920,IMBIRIBEIRA,PRD,473,1.0
921,IMBIRIBEIRA,PSB,35008,45.0
922,IMBIRIBEIRA,PSD,3418,4.0
923,IMBIRIBEIRA,PSDB,59,0.0
924,IMBIRIBEIRA,PSOL,2454,3.0
925,IMBIRIBEIRA,PSTU,62,0.0
926,IMBIRIBEIRA,PT,2205,6.0
927,IMBIRIBEIRA,PV,748,2.0
928,IMBIRIBEIRA,REDE,379,1.0
929,IMBIRIBEIRA,REPUBLICANOS,1841,5.0
930,IMBIRIBEIRA,SOLIDARIEDADE,70,0.0
931,IMBIRIBEIRA,UP,101,0.0
932,IPSEP,AVANTE,231,2.0
933,IPSEP,CIDADANIA,6,1.0
934,IPSEP,DC,376,3.0
935,IPSEP,MDB,940,8.0
936,IPSEP,MOBILIZA,71,1.0
937,IPSEP,NOVO,1148,5.0
938,IPSEP,PC do B,292,2.0
939,IPSEP,PCO,2,0.0
940,IPSEP,PL,3464,14.0
941,IPSEP,PP,495,4.0
942,IPSEP,PRD,121,1.0
943,IPSEP,PSB,11771,47.0
944,IPSEP,PSD,699,3.0
945,IPSEP,PSDB,26,0.0
946,IPSEP,PSOL,697,3.0
947,IPSEP,PSTU,12,0.0
948,IPSEP,PT,727,6.0
949,IPSEP,PV,425,3.0
950,IPSEP,REDE,102,1.0
951,IPSEP,REPUBLICANOS,883,7.0
952,IPSEP,SOLIDARIEDADE,26,0.0
953,IPSEP,UP,24,0.0
954,IPUTINGA,AVANTE,477,2.0
955,IPUTINGA,CIDADANIA,20,0.0
956,IPUTINGA,DC,293,1.0
957,IPUTINGA,MDB,944,4.0
958,IPUTINGA,MOBILIZA,206,1.0
959,IPUTINGA,NOVO,1188,2.0
960,IPUTINGA,PC do B,382,1.0
961,IPUTINGA,PCO,7,0.0
962,IPUTINGA,PL,4337,8.0
963,IPUTINGA,PP,1046,4.0
964,IPUTINGA,PRD,468,2.0
965,IPUTINGA,PSB,30006,57.0
966,IPUTINGA,PSD,2378,5.0
967,IPUTINGA,PSDB,40,0.0
968,IPUTINGA,PSOL,1557,3.0
969,IPUTINGA,PSTU,25,0.0
970,IPUTINGA,PT,2920,11.0
971,IPUTINGA,PV,519,2.0
972,IPUTINGA,REDE,239,1.0
973,IPUTINGA,REPUBLICANOS,1353,5.0
974,IPUTINGA,SOLIDARIEDADE,28,0.0
975,IPUTINGA,UP,154,1.0
976,JAQUEIRA,AVANTE,16,2.0
977,JAQUEIRA,CIDADANIA,1,0.0
978,JAQUEIRA,DC,19,3.0
979,JAQUEIRA,MDB,142,22.0
980,JAQUEIRA,MOBILIZA,4,1.0
981,JAQUEIRA,NOVO,46,4.0
982,JAQUEIRA,PC do B,36,5.0
983,JAQUEIRA,PL,131,10.0
984,JAQUEIRA,PP,21,3.0
985,JAQUEIRA,PRD,15,2.0
986,JAQUEIRA,PSB,692,52.0
987,JAQUEIRA,PSD,27,2.0
988,JAQUEIRA,PSOL,24,2.0
989,JAQUEIRA,PT,18,3.0
990,JAQUEIRA,PV,19,3.0
991,JAQUEIRA,REDE,6,1.0
992,JAQUEIRA,REPUBLICANOS,10,1.0
993,JAQUEIRA,SOLIDARIEDADE,1,0.0
994,JARDIM SAO PAULO,AVANTE,1229,6.0
995,JARDIM SAO PAULO,CIDADANIA,9,0.0
996,JARDIM SAO PAULO,DC,219,1.0
997,JARDIM SAO PAULO,MDB,850,4.0
998,JARDIM SAO PAULO,MOBILIZA,151,1.0
999,JARDIM SAO PAULO,NOVO,942,2.0
1000,JARDIM SAO PAULO,PC do B,330,2.0
1001,JARDIM SAO PAULO,PCO,1,0.0
1002,JARDIM SAO PAULO,PL,4797,11.0
1003,JARDIM SAO PAULO,PP,1460,7.0
1004,JARDIM SAO PAULO,PRD,236,1.0
1005,JARDIM SAO PAULO,PSB,24559,57.0
1006,JARDIM SAO PAULO,PSD,1140,3.0
1007,JARDIM SAO PAULO,PSDB,25,0.0
1008,JARDIM SAO PAULO,PSOL,1241,3.0
1009,JARDIM SAO PAULO,PSTU,29,0.0
1010,JARDIM SAO PAULO,PT,901,4.0
1011,JARDIM SAO PAULO,PV,710,3.0
1012,JARDIM SAO PAULO,REDE,213,1.0
1013,JARDIM SAO PAULO,REPUBLICANOS,526,2.0
1014,JARDIM SAO PAULO,SOLIDARIEDADE,29,0.0
1015,JARDIM SAO PAULO,UP,34,0.0
1016,JORDAO,AVANTE,369,2.0
1017,JORDAO,CIDADANIA,12,0.0
1018,JORDAO,DC,537,2.0
1019,JORDAO,MDB,1289,6.0
1020,JORDAO,MOBILIZA,126,1.0
1021,JORDAO,NOVO,784,2.0
1022,JORDAO,PC do B,187,1.0
1023,JORDAO,PCO,1,0.0
1024,JORDAO,PL,3898,9.0
1025,JORDAO,PP,877,4.0
1026,JORDAO,PRD,220,1.0
1027,JORDAO,PSB,20320,47.0
1028,JORDAO,PSD,4134,10.0
1029,JORDAO,PSDB,34,0.0
1030,JORDAO,PSOL,550,1.0
1031,JORDAO,PSTU,12,0.0
1032,JORDAO,PT,660,3.0
1033,JORDAO,PV,496,2.0
1034,JORDAO,REDE,533,3.0
1035,JORDAO,REPUBLICANOS,3634,17.0
1036,JORDAO,SOLIDARIEDADE,18,0.0
1037,JORDAO,UP,18,0.0
1038,LINHA DO TIRO,AVANTE,300,3.0
1039,LINHA DO TIRO,CIDADANIA,2,0.0
1040,LINHA DO TIRO,DC,63,1.0
1041,LINHA DO TIRO,MDB,812,7.0
1042,LINHA DO TIRO,MOBILIZA,30,1.0
1043,LINHA DO TIRO,NOVO,205,1.0
1044,LINHA DO TIRO,PC do B,226,2.0
1045,LINHA DO TIRO,PL,1755,8.0
1046,LINHA DO TIRO,PP,695,6.0
1047,LINHA DO TIRO,PRD,383,4.0
1048,LINHA DO TIRO,PSB,13956,64.0
1049,LINHA DO TIRO,PSD,377,2.0
1050,LINHA DO TIRO,PSDB,10,0.0
1051,LINHA DO TIRO,PSOL,238,1.0
1052,LINHA DO TIRO,PSTU,2,0.0
1053,LINHA DO TIRO,PT,255,2.0
1054,LINHA DO TIRO,PV,452,4.0
1055,LINHA DO TIRO,REDE,67,1.0
1056,LINHA DO TIRO,REPUBLICANOS,457,4.0
1057,LINHA DO TIRO,SOLIDARIEDADE,3,0.0
1058,LINHA DO TIRO,UP,10,0.0
1059,MACAXEIRA,AVANTE,290,2.0
1060,MACAXEIRA,CIDADANIA,4,0.0
1061,MACAXEIRA,DC,76,1.0
1062,MACAXEIRA,MDB,1071,7.0
1063,MACAXEIRA,MOBILIZA,93,1.0
1064,MACAXEIRA,NOVO,365,1.0
1065,MACAXEIRA,PC do B,158,1.0
1066,MACAXEIRA,PL,2603,9.0
1067,MACAXEIRA,PP,1118,7.0
1068,MACAXEIRA,PRD,479,3.0
1069,MACAXEIRA,PSB,18578,61.0
1070,MACAXEIRA,PSD,943,3.0
1071,MACAXEIRA,PSDB,35,0.0
1072,MACAXEIRA,PSOL,507,2.0
1073,MACAXEIRA,PSTU,4,0.0
1074,MACAXEIRA,PT,619,4.0
1075,MACAXEIRA,PV,475,3.0
1076,MACAXEIRA,REDE,180,1.0
1077,MACAXEIRA,REPUBLICANOS,573,4.0
1078,MACAXEIRA,SOLIDARIEDADE,5,0.0
1079,MACAXEIRA,UP,15,0.0
1080,MADALENA,AVANTE,641,2.0
1081,MADALENA,CIDADANIA,46,0.0
1082,MADALENA,DC,272,1.0
1083,MADALENA,MDB,2076,6.0
1084,MADALENA,MOBILIZA,169,1.0
1085,MADALENA,NOVO,3293,5.0
1086,MADALENA,PC do B,832,2.0
1087,MADALENA,PCO,8,1.0
1088,MADALENA,PL,9020,13.0
1089,MADALENA,PP,856,3.0
1090,MADALENA,PRD,564,2.0
1091,MADALENA,PSB,31702,47.0
1092,MADALENA,PSD,3217,5.0
1093,MADALENA,PSDB,40,1.0
1094,MADALENA,PSOL,4181,6.0
1095,MADALENA,PSTU,41,0.0
1096,MADALENA,PT,3079,9.0
1097,MADALENA,PV,628,2.0
1098,MADALENA,REDE,378,1.0
1099,MADALENA,REPUBLICANOS,922,3.0
1100,MADALENA,SOLIDARIEDADE,72,0.0
1101,MADALENA,UP,129,1.0
1102,MANGABEIRA,AVANTE,117,3.0
1103,MANGABEIRA,CIDADANIA,7,0.0
1104,MANGABEIRA,DC,24,1.0
1105,MANGABEIRA,MDB,226,6.0
1106,MANGABEIRA,MOBILIZA,32,1.0
1107,MANGABEIRA,NOVO,104,2.0
1108,MANGABEIRA,PC do B,55,1.0
1109,MANGABEIRA,PL,691,9.0
1110,MANGABEIRA,PP,135,3.0
1111,MANGABEIRA,PRD,181,5.0
1112,MANGABEIRA,PSB,4347,57.0
1113,MANGABEIRA,PSD,270,4.0
1114,MANGABEIRA,PSDB,4,0.0
1115,MANGABEIRA,PSOL,190,2.0
1116,MANGABEIRA,PSTU,4,0.0
1117,MANGABEIRA,PT,185,5.0
1118,MANGABEIRA,PV,262,7.0
1119,MANGABEIRA,REDE,35,1.0
1120,MANGABEIRA,REPUBLICANOS,243,6.0
1121,MANGABEIRA,SOLIDARIEDADE,4,0.0
1122,MANGABEIRA,UP,13,1.0
1123,MONTEIRO,AVANTE,115,3.0
1124,MONTEIRO,CIDADANIA,5,0.0
1125,MONTEIRO,DC,18,1.0
1126,MONTEIRO,MDB,295,7.0
1127,MONTEIRO,MOBILIZA,37,1.0
1128,MONTEIRO,NOVO,222,3.0
1129,MONTEIRO,PC do B,83,2.0
1130,MONTEIRO,PCO,1,0.0
1131,MONTEIRO,PL,965,12.0
1132,MONTEIRO,PP,99,2.0
1133,MONTEIRO,PRD,223,6.0
1134,MONTEIRO,PSB,3939,49.0
1135,MONTEIRO,PSD,426,5.0
1136,MONTEIRO,PSDB,24,1.0
1137,MONTEIRO,PSOL,314,4.0
1138,MONTEIRO,PSTU,3,0.0
1139,MONTEIRO,PT,276,7.0
1140,MONTEIRO,PV,226,6.0
1141,MONTEIRO,REDE,48,1.0
1142,MONTEIRO,REPUBLICANOS,136,3.0
1143,MONTEIRO,SOLIDARIEDADE,2,0.0
1144,MONTEIRO,UP,9,0.0
1145,MORRO DA CONCEICAO,AVANTE,40,1.0
1146,MORRO DA CONCEICAO,CIDADANIA,3,0.0
1147,MORRO DA CONCEICAO,DC,14,1.0
1148,MORRO DA CONCEICAO,MDB,181,6.0
1149,MORRO DA CONCEICAO,MOBILIZA,36,1.0
1150,MORRO DA CONCEICAO,NOVO,41,1.0
1151,MORRO DA CONCEICAO,PC do B,33,1.0
1152,MORRO DA CONCEICAO,PCO,1,0.0
1153,MORRO DA CONCEICAO,PL,587,10.0
1154,MORRO DA CONCEICAO,PP,100,3.0
1155,MORRO DA CONCEICAO,PRD,152,5.0
1156,MORRO DA CONCEICAO,PSB,3344,57.0
1157,MORRO DA CONCEICAO,PSD,136,2.0
1158,MORRO DA CONCEICAO,PSDB,6,0.0
1159,MORRO DA CONCEICAO,PSOL,127,2.0
1160,MORRO DA CONCEICAO,PSTU,2,0.0
1161,MORRO DA CONCEICAO,PT,201,7.0
1162,MORRO DA CONCEICAO,PV,277,9.0
1163,MORRO DA CONCEICAO,REDE,14,1.0
1164,MORRO DA CONCEICAO,REPUBLICANOS,223,8.0
1165,MORRO DA CONCEICAO,SOLIDARIEDADE,3,0.0
1166,MORRO DA CONCEICAO,UP,1,0.0
1167,MUSTARDINHA,AVANTE,220,1.0
1168,MUSTARDINHA,CIDADANIA,5,0.0
1169,MUSTARDINHA,DC,337,2.0
1170,MUSTARDINHA,MDB,798,5.0
1171,MUSTARDINHA,MOBILIZA,84,1.0
1172,MUSTARDINHA,NOVO,559,2.0
1173,MUSTARDINHA,PC do B,149,1.0
1174,MUSTARDINHA,PCO,2,0.0
1175,MUSTARDINHA,PL,3612,12.0
1176,MUSTARDINHA,PP,629,4.0
1177,MUSTARDINHA,PRD,530,3.0
1178,MUSTARDINHA,PSB,18446,59.0
1179,MUSTARDINHA,PSD,1854,6.0
1180,MUSTARDINHA,PSDB,17,0.0
1181,MUSTARDINHA,PSOL,566,2.0
1182,MUSTARDINHA,PSTU,6,0.0
1183,MUSTARDINHA,PT,585,4.0
1184,MUSTARDINHA,PV,266,2.0
1185,MUSTARDINHA,REDE,96,1.0
1186,MUSTARDINHA,REPUBLICANOS,342,2.0
1187,MUSTARDINHA,SOLIDARIEDADE,72,1.0
1188,MUSTARDINHA,UP,34,0.0
1189,NOVA DESCOBERTA,AVANTE,378,2.0
1190,NOVA DESCOBERTA,CIDADANIA,19,0.0
1191,NOVA DESCOBERTA,DC,77,0.0
1192,NOVA DESCOBERTA,MDB,1848,7.0
1193,NOVA DESCOBERTA,MOBILIZA,123,1.0
1194,NOVA DESCOBERTA,NOVO,507,1.0
1195,NOVA DESCOBERTA,PC do B,354,1.0
1196,NOVA DESCOBERTA,PL,3795,8.0
1197,NOVA DESCOBERTA,PP,2255,9.0
1198,NOVA DESCOBERTA,PRD,929,4.0
1199,NOVA DESCOBERTA,PSB,31574,63.0
1200,NOVA DESCOBERTA,PSD,1116,2.0
1201,NOVA DESCOBERTA,PSDB,69,0.0
1202,NOVA DESCOBERTA,PSOL,470,1.0
1203,NOVA DESCOBERTA,PSTU,16,0.0
1204,NOVA DESCOBERTA,PT,696,3.0
1205,NOVA DESCOBERTA,PV,845,3.0
1206,NOVA DESCOBERTA,REDE,112,1.0
1207,NOVA DESCOBERTA,REPUBLICANOS,1183,5.0
1208,NOVA DESCOBERTA,SOLIDARIEDADE,15,0.0
1209,NOVA DESCOBERTA,UP,16,0.0
1210,PARNAMIRIM,AVANTE,69,2.0
1211,PARNAMIRIM,CIDADANIA,7,0.0
1212,PARNAMIRIM,DC,10,0.0
1213,PARNAMIRIM,MDB,320,7.0
1214,PARNAMIRIM,MOBILIZA,20,1.0
1215,PARNAMIRIM,NOVO,467,5.0
1216,PARNAMIRIM,PC do B,218,5.0
1217,PARNAMIRIM,PCO,2,0.0
1218,PARNAMIRIM,PL,1648,18.0
1219,PARNAMIRIM,PP,81,2.0
1220,PARNAMIRIM,PRD,126,3.0
1221,PARNAMIRIM,PSB,3586,40.0
1222,PARNAMIRIM,PSD,497,6.0
1223,PARNAMIRIM,PSDB,8,0.0
1224,PARNAMIRIM,PSOL,650,7.0
1225,PARNAMIRIM,PSTU,3,0.0
1226,PARNAMIRIM,PT,473,10.0
1227,PARNAMIRIM,PV,156,4.0
1228,PARNAMIRIM,REDE,48,1.0
1229,PARNAMIRIM,REPUBLICANOS,142,3.0
1230,PARNAMIRIM,SOLIDARIEDADE,9,0.0
1231,PARNAMIRIM,UP,9,0.0
1232,PASSARINHO,AVANTE,74,3.0
1233,PASSARINHO,CIDADANIA,1,0.0
1234,PASSARINHO,DC,10,1.0
1235,PASSARINHO,MDB,236,10.0
1236,PASSARINHO,MOBILIZA,20,1.0
1237,PASSARINHO,NOVO,47,1.0
1238,PASSARINHO,PC do B,32,1.0
1239,PASSARINHO,PL,292,6.0
1240,PASSARINHO,PP,231,10.0
1241,PASSARINHO,PRD,38,2.0
1242,PASSARINHO,PSB,2645,58.0
1243,PASSARINHO,PSD,100,2.0
1244,PASSARINHO,PSDB,5,1.0
1245,PASSARINHO,PSOL,81,2.0
1246,PASSARINHO,PSTU,2,0.0
1247,PASSARINHO,PT,58,3.0
1248,PASSARINHO,PV,45,2.0
1249,PASSARINHO,REDE,46,2.0
1250,PASSARINHO,REPUBLICANOS,134,6.0
1251,PASSARINHO,SOLIDARIEDADE,1,0.0
1252,PASSARINHO,UP,4,0.0
1253,PINA,AVANTE,752,3.0
1254,PINA,CIDADANIA,16,0.0
1255,PINA,DC,197,1.0
1256,PINA,MDB,2134,9.0
1257,PINA,MOBILIZA,153,1.0
1258,PINA,NOVO,912,2.0
1259,PINA,PC do B,245,1.0
1260,PINA,PCO,6,0.0
1261,PINA,PL,6587,15.0
1262,PINA,PP,645,3.0
1263,PINA,PRD,912,4.0
1264,PINA,PSB,22253,49.0
1265,PINA,PSD,1919,4.0
1266,PINA,PSDB,25,0.0
1267,PINA,PSOL,1150,3.0
1268,PINA,PSTU,18,0.0
1269,PINA,PT,1811,8.0
1270,PINA,PV,690,3.0
1271,PINA,REDE,305,1.0
1272,PINA,REPUBLICANOS,1100,5.0
1273,PINA,SOLIDARIEDADE,52,0.0
1274,PINA,UP,34,0.0
1275,POCO,AVANTE,18,2.0
1276,POCO,DC,3,1.0
1277,POCO,MDB,132,10.0
1278,POCO,MOBILIZA,3,1.0
1279,POCO,NOVO,128,5.0
1280,POCO,PC do B,53,4.0
1281,POCO,PL,406,15.0
1282,POCO,PP,20,1.0
1283,POCO,PRD,22,2.0
1284,POCO,PSB,1076,41.0
1285,POCO,PSD,147,5.0
1286,POCO,PSDB,4,0.0
1287,POCO,PSOL,221,9.0
1288,POCO,PT,141,11.0
1289,POCO,PV,48,4.0
1290,POCO,REDE,6,1.0
1291,POCO,REPUBLICANOS,27,2.0
1292,POCO,UP,6,0.0
1293,PORTO DA MADEIRA,AVANTE,100,2.0
1294,PORTO DA MADEIRA,CIDADANIA,1,0.0
1295,PORTO DA MADEIRA,DC,14,0.0
1296,PORTO DA MADEIRA,MDB,253,6.0
1297,PORTO DA MADEIRA,MOBILIZA,11,1.0
1298,PORTO DA MADEIRA,NOVO,217,2.0
1299,PORTO DA MADEIRA,PC do B,88,2.0
1300,PORTO DA MADEIRA,PCO,1,0.0
1301,PORTO DA MADEIRA,PL,850,9.0
1302,PORTO DA MADEIRA,PP,198,4.0
1303,PORTO DA MADEIRA,PRD,121,3.0
1304,PORTO DA MADEIRA,PSB,4989,55.0
1305,PORTO DA MADEIRA,PSD,306,3.0
1306,PORTO DA MADEIRA,PSDB,8,0.0
1307,PORTO DA MADEIRA,PSOL,257,3.0
1308,PORTO DA MADEIRA,PSTU,3,0.0
1309,PORTO DA MADEIRA,PT,207,5.0
1310,PORTO DA MADEIRA,PV,138,3.0
1311,PORTO DA MADEIRA,REDE,512,11.0
1312,PORTO DA MADEIRA,REPUBLICANOS,211,5.0
1313,PORTO DA MADEIRA,SOLIDARIEDADE,7,0.0
1314,PORTO DA MADEIRA,UP,7,0.0
1315,ROSARINHO,AVANTE,155,3.0
1316,ROSARINHO,CIDADANIA,7,0.0
1317,ROSARINHO,DC,23,1.0
1318,ROSARINHO,MDB,506,9.0
1319,ROSARINHO,MOBILIZA,11,1.0
1320,ROSARINHO,NOVO,594,6.0
1321,ROSARINHO,PC do B,203,4.0
1322,ROSARINHO,PCO,1,0.0
1323,ROSARINHO,PL,1955,18.0
1324,ROSARINHO,PP,95,2.0
1325,ROSARINHO,PRD,78,1.0
1326,ROSARINHO,PSB,4164,39.0
1327,ROSARINHO,PSD,558,5.0
1328,ROSARINHO,PSDB,7,0.0
1329,ROSARINHO,PSOL,769,7.0
1330,ROSARINHO,PSTU,14,0.0
1331,ROSARINHO,PT,489,9.0
1332,ROSARINHO,PV,154,3.0
1333,ROSARINHO,REDE,74,1.0
1334,ROSARINHO,REPUBLICANOS,141,3.0
1335,ROSARINHO,SOLIDARIEDADE,11,0.0
1336,ROSARINHO,UP,17,0.0
1337,SAN MARTIN,AVANTE,279,2.0
1338,SAN MARTIN,CIDADANIA,5,0.0
1339,SAN MARTIN,DC,256,2.0
1340,SAN MARTIN,MDB,892,7.0
1341,SAN MARTIN,MOBILIZA,150,1.0
1342,SAN MARTIN,NOVO,624,3.0
1343,SAN MARTIN,PC do B,161,1.0
1344,SAN MARTIN,PCO,2,0.0
1345,SAN MARTIN,PL,2973,12.0
1346,SAN MARTIN,PP,526,4.0
1347,SAN MARTIN,PRD,401,3.0
1348,SAN MARTIN,PSB,13586,53.0
1349,SAN MARTIN,PSD,1576,6.0
1350,SAN MARTIN,PSDB,33,0.0
1351,SAN MARTIN,PSOL,635,3.0
1352,SAN MARTIN,PSTU,6,0.0
1353,SAN MARTIN,PT,683,5.0
1354,SAN MARTIN,PV,279,2.0
1355,SAN MARTIN,REDE,176,1.0
1356,SAN MARTIN,REPUBLICANOS,383,3.0
1357,SAN MARTIN,SOLIDARIEDADE,179,1.0
1358,SAN MARTIN,UP,23,0.0
1359,SANCHO,AVANTE,278,8.0
1360,SANCHO,CIDADANIA,1,0.0
1361,SANCHO,DC,22,1.0
1362,SANCHO,MDB,462,13.0
1363,SANCHO,MOBILIZA,5,0.0
1364,SANCHO,NOVO,139,2.0
1365,SANCHO,PC do B,26,1.0
1366,SANCHO,PL,759,11.0
1367,SANCHO,PP,84,2.0
1368,SANCHO,PRD,27,1.0
1369,SANCHO,PSB,4220,59.0
1370,SANCHO,PSD,154,2.0
1371,SANCHO,PSDB,7,0.0
1372,SANCHO,PSOL,127,2.0
1373,SANCHO,PSTU,1,0.0
1374,SANCHO,PT,147,4.0
1375,SANCHO,PV,70,2.0
1376,SANCHO,REDE,21,1.0
1377,SANCHO,REPUBLICANOS,61,2.0
1378,SANCHO,SOLIDARIEDADE,2,0.0
1379,SANCHO,UP,9,0.0
1380,SANTO AMARO,AVANTE,2599,13.0
1381,SANTO AMARO,CIDADANIA,14,1.0
1382,SANTO AMARO,DC,132,1.0
1383,SANTO AMARO,MDB,1039,5.0
1384,SANTO AMARO,MOBILIZA,68,1.0
1385,SANTO AMARO,NOVO,494,2.0
1386,SANTO AMARO,PC do B,564,3.0
1387,SANTO AMARO,PCO,8,0.0
1388,SANTO AMARO,PL,3490,9.0
1389,SANTO AMARO,PP,523,3.0
1390,SANTO AMARO,PRD,405,2.0
1391,SANTO AMARO,PSB,21719,54.0
1392,SANTO AMARO,PSD,851,2.0
1393,SANTO AMARO,PSDB,44,1.0
1394,SANTO AMARO,PSOL,1296,3.0
1395,SANTO AMARO,PSTU,23,0.0
1396,SANTO AMARO,PT,2451,12.0
1397,SANTO AMARO,PV,269,1.0
1398,SANTO AMARO,REDE,110,1.0
1399,SANTO AMARO,REPUBLICANOS,1411,7.0
1400,SANTO AMARO,SOLIDARIEDADE,27,0.0
1401,SANTO AMARO,UP,61,1.0
1402,SAO JOSE,AVANTE,221,2.0
1403,SAO JOSE,CIDADANIA,12,0.0
1404,SAO JOSE,DC,48,1.0
1405,SAO JOSE,MDB,964,10.0
1406,SAO JOSE,MOBILIZA,156,2.0
1407,SAO JOSE,NOVO,159,1.0
1408,SAO JOSE,PC do B,87,1.0
1409,SAO JOSE,PCO,1,0.0
1410,SAO JOSE,PL,1477,8.0
1411,SAO JOSE,PP,306,3.0
1412,SAO JOSE,PRD,191,2.0
1413,SAO JOSE,PSB,11209,59.0
1414,SAO JOSE,PSD,571,3.0
1415,SAO JOSE,PSDB,8,0.0
1416,SAO JOSE,PSOL,314,2.0
1417,SAO JOSE,PSTU,4,0.0
1418,SAO JOSE,PT,595,7.0
1419,SAO JOSE,PV,216,2.0
1420,SAO JOSE,REDE,105,1.0
1421,SAO JOSE,REPUBLICANOS,646,7.0
1422,SAO JOSE,SOLIDARIEDADE,9,0.0
1423,SAO JOSE,UP,19,0.0
1424,TAMARINEIRA,AVANTE,399,5.0
1425,TAMARINEIRA,CIDADANIA,5,0.0
1426,TAMARINEIRA,DC,64,1.0
1427,TAMARINEIRA,MDB,432,6.0
1428,TAMARINEIRA,MOBILIZA,54,1.0
1429,TAMARINEIRA,NOVO,432,3.0
1430,TAMARINEIRA,PC do B,196,2.0
1431,TAMARINEIRA,PCO,2,0.0
1432,TAMARINEIRA,PL,1911,12.0
1433,TAMARINEIRA,PP,209,3.0
1434,TAMARINEIRA,PRD,265,3.0
1435,TAMARINEIRA,PSB,7815,50.0
1436,TAMARINEIRA,PSD,572,4.0
1437,TAMARINEIRA,PSDB,12,0.0
1438,TAMARINEIRA,PSOL,761,5.0
1439,TAMARINEIRA,PSTU,10,0.0
1440,TAMARINEIRA,PT,572,7.0
1441,TAMARINEIRA,PV,327,4.0
1442,TAMARINEIRA,REDE,77,1.0
1443,TAMARINEIRA,REPUBLICANOS,294,4.0
1444,TAMARINEIRA,SOLIDARIEDADE,15,0.0
1445,TAMARINEIRA,UP,14,0.0
1446,TEJIPIO,AVANTE,2056,8.0
1447,TEJIPIO,CIDADANIA,10,0.0
1448,TEJIPIO,DC,324,1.0
1449,TEJIPIO,MDB,4354,16.0
1450,TEJIPIO,MOBILIZA,206,1.0
1451,TEJIPIO,NOVO,950,2.0
1452,TEJIPIO,PC do B,334,1.0
1453,TEJIPIO,PCO,4,0.0
1454,TEJIPIO,PL,5293,10.0
1455,TEJIPIO,PP,904,4.0
1456,TEJIPIO,PRD,304,1.0
1457,TEJIPIO,PSB,26901,52.0
1458,TEJIPIO,PSD,1308,3.0
1459,TEJIPIO,PSDB,26,0.0
1460,TEJIPIO,PSOL,1174,2.0
1461,TEJIPIO,PSTU,23,0.0
1462,TEJIPIO,PT,1467,6.0
1463,TEJIPIO,PV,626,2.0
1464,TEJIPIO,REDE,267,1.0
1465,TEJIPIO,REPUBLICANOS,665,3.0
1466,TEJIPIO,SOLIDARIEDADE,45,0.0
1467,TEJIPIO,UP,54,0.0
1468,TORRE,AVANTE,164,2.0
1469,TORRE,CIDADANIA,14,0.0
1470,TORRE,DC,57,1.0
1471,TORRE,MDB,360,4.0
1472,TORRE,MOBILIZA,15,0.0
1473,TORRE,NOVO,1141,7.0
1474,TORRE,PC do B,114,1.0
1475,TORRE,PCO,3,0.0
1476,TORRE,PL,1589,9.0
1477,TORRE,PP,287,3.0
1478,TORRE,PRD,201,2.0
1479,TORRE,PSB,9887,58.0
1480,TORRE,PSD,650,4.0
1481,TORRE,PSDB,6,0.0
1482,TORRE,PSOL,635,4.0
1483,TORRE,PSTU,4,0.0
1484,TORRE,PT,480,6.0
1485,TORRE,PV,119,1.0
1486,TORRE,REDE,49,1.0
1487,TORRE,REPUBLICANOS,172,2.0
1488,TORRE,SOLIDARIEDADE,10,0.0
1489,TORRE,UP,29,0.0
1490,TORREAO,AVANTE,45,4.0
1491,TORREAO,CIDADANIA,1,1.0
1492,TORREAO,DC,13,1.0
1493,TORREAO,MDB,74,6.0
1494,TORREAO,MOBILIZA,6,1.0
1495,TORREAO,NOVO,59,2.0
1496,TORREAO,PC do B,56,4.0
1497,TORREAO,PL,267,10.0
1498,TORREAO,PP,30,2.0
1499,TORREAO,PRD,75,6.0
1500,TORREAO,PSB,1400,54.0
1501,TORREAO,PSD,91,4.0
1502,TORREAO,PSDB,8,1.0
1503,TORREAO,PSOL,117,4.0
1504,TORREAO,PT,104,8.0
1505,TORREAO,PV,23,2.0
1506,TORREAO,REDE,7,1.0
1507,TORREAO,REPUBLICANOS,31,3.0
1508,TORREAO,SOLIDARIEDADE,3,1.0
1509,TORREAO,UP,4,1.0
1510,TORROES,AVANTE,541,4.0
1511,TORROES,CIDADANIA,7,0.0
1512,TORROES,DC,393,3.0
1513,TORROES,MDB,509,4.0
1514,TORROES,MOBILIZA,89,1.0
1515,TORROES,NOVO,594,2.0
1516,TORROES,PC do B,114,1.0
1517,TORROES,PCO,2,0.0
1518,TORROES,PL,2197,8.0
1519,TORROES,PP,581,4.0
1520,TORROES,PRD,463,4.0
1521,TORROES,PSB,14105,54.0
1522,TORROES,PSD,1725,7.0
1523,TORROES,PSDB,32,0.0
1524,TORROES,PSOL,462,2.0
1525,TORROES,PSTU,18,0.0
1526,TORROES,PT,1125,9.0
1527,TORROES,PV,153,1.0
1528,TORROES,REDE,399,3.0
1529,TORROES,REPUBLICANOS,391,3.0
1530,TORROES,SOLIDARIEDADE,100,1.0
1531,TORROES,UP,25,0.0
1532,TOTO,AVANTE,85,9.0
1533,TOTO,DC,7,1.0
1534,TOTO,MDB,381,38.0
1535,TOTO,MOBILIZA,1,0.0
1536,TOTO,NOVO,9,1.0
1537,TOTO,PC do B,3,0.0
1538,TOTO,PL,287,14.0
1539,TOTO,PP,22,2.0
1540,TOTO,PRD,4,1.0
1541,TOTO,PSB,911,46.0
1542,TOTO,PSD,64,3.0
1543,TOTO,PSOL,21,1.0
1544,TOTO,PT,23,2.0
1545,TOTO,PV,15,2.0
1546,TOTO,REDE,10,1.0
1547,TOTO,REPUBLICANOS,18,2.0
1548,VARZEA,AVANTE,545,2.0
1549,VARZEA,CIDADANIA,30,0.0
1550,VARZEA,DC,190,1.0
1551,VARZEA,MDB,3315,10.0
1552,VARZEA,MOBILIZA,114,1.0
1553,VARZEA,NOVO,970,2.0
1554,VARZEA,PC do B,507,2.0
1555,VARZEA,PCO,2,0.0
1556,VARZEA,PL,5618,8.0
1557,VARZEA,PP,1064,3.0
1558,VARZEA,PRD,698,2.0
1559,VARZEA,PSB,34010,50.0
1560,VARZEA,PSD,8390,12.0
1561,VARZEA,PSDB,40,0.0
1562,VARZEA,PSOL,2135,3.0
1563,VARZEA,PSTU,35,0.0
1564,VARZEA,PT,2289,7.0
1565,VARZEA,PV,886,3.0
1566,VARZEA,REDE,331,1.0
1567,VARZEA,REPUBLICANOS,921,3.0
1568,VARZEA,SOLIDARIEDADE,44,0.0
1569,VARZEA,UP,87,0.0
1570,VASCO DA GAMA,AVANTE,366,2.0
1571,VASCO DA GAMA,CIDADANIA,7,0.0
1572,VASCO DA GAMA,DC,71,1.0
1573,VASCO DA GAMA,MDB,1121,6.0
1574,VASCO DA GAMA,MOBILIZA,148,1.0
1575,VASCO DA GAMA,NOVO,558,2.0
1576,VASCO DA GAMA,PC do B,234,1.0
1577,VASCO DA GAMA,PCO,1,0.0
1578,VASCO DA GAMA,PL,3145,8.0
1579,VASCO DA GAMA,PP,1090,6.0
1580,VASCO DA GAMA,PRD,673,4.0
1581,VASCO DA GAMA,PSB,22190,59.0
1582,VASCO DA GAMA,PSD,1013,3.0
1583,VASCO DA GAMA,PSDB,68,1.0
1584,VASCO DA GAMA,PSOL,489,1.0
1585,VASCO DA GAMA,PSTU,11,0.0
1586,VASCO DA GAMA,PT,719,4.0
1587,VASCO DA GAMA,PV,846,4.0
1588,VASCO DA GAMA,REDE,178,1.0
1589,VASCO DA GAMA,REPUBLICANOS,2069,11.0
1590,VASCO DA GAMA,SOLIDARIEDADE,17,0.0
1591,VASCO DA GAMA,UP,24,0.0
1592,ZUMBI,AVANTE,187,3.0
1593,ZUMBI,CIDADANIA,6,0.0
1594,ZUMBI,DC,32,1.0
1595,ZUMBI,MDB,220,4.0
1596,ZUMBI,MOBILIZA,15,0.0
1597,ZUMBI,NOVO,460,4.0
1598,ZUMBI,PC do B,96,2.0
1599,ZUMBI,PL,1228,10.0
1600,ZUMBI,PP,222,4.0
1601,ZUMBI,PRD,108,2.0
1602,ZUMBI,PSB,7030,59.0
1603,ZUMBI,PSD,438,4.0
1604,ZUMBI,PSDB,6,0.0
1605,ZUMBI,PSOL,477,4.0
1606,ZUMBI,PSTU,4,0.0
1607,ZUMBI,PT,397,7.0
1608,ZUMBI,PV,77,1.0
1609,ZUMBI,REDE,44,1.0
1610,ZUMBI,REPUBLICANOS,155,3.0
1611,ZUMBI,SOLIDARIEDADE,9,0.0
1612,ZUMBI,UP,19,0.0
